Company,TypeName,Inches,Cpu,Ram,Memory,Gpu,OpSys,Weight,Price_IDR,HDD,SSD,Flash Storage,Hybrid,Memory_2,Touchscreen,IPS,TypeResolution,x_res,y_res
1,4,13.3,65,8,128,58,8,1.37,22774730.0,0,1,0,0,0,0,1,0,2560,1600
1,4,13.3,63,8,128,51,8,1.34,15281980.0,0,0,1,0,0,0,0,0,1440,900
7,3,15.6,74,8,256,53,4,1.86,9775000.0,0,1,0,0,0,0,0,1,1920,1080
1,4,15.4,85,16,512,9,8,1.83,43136650.0,0,1,0,0,0,0,1,0,2880,1800
1,4,13.3,67,8,256,59,8,1.37,30661200.0,0,1,0,0,0,0,1,0,2560,1600
0,3,15.6,14,4,500,17,5,2.1,6800000.0,1,0,0,0,0,0,0,0,1366,768
1,4,15.4,84,16,256,60,3,2.04,36379490.0,0,0,1,0,0,0,1,0,2880,1800
1,4,13.3,63,8,256,51,8,1.34,19697900.0,0,0,1,0,0,0,0,0,1440,900
2,4,14.0,106,16,512,98,5,1.3,25415000.0,0,1,0,0,0,0,0,1,1920,1080
0,4,14.0,83,8,256,61,5,1.6,13090000.0,0,1,0,0,0,0,1,1,1920,1080
7,3,15.6,74,4,500,53,4,1.86,6696300.0,1,0,0,0,0,0,0,0,1366,768
7,3,15.6,56,4,500,47,4,1.86,5864830.0,1,0,0,0,0,0,0,1,1920,1080
1,4,15.4,86,16,256,10,8,1.83,41479490.0,0,1,0,0,0,0,1,0,2880,1800
4,3,15.6,56,4,256,24,5,2.2,8481300.0,0,1,0,0,0,0,0,1,1920,1080
1,4,12.0,51,8,256,52,8,0.92,21460800.0,0,1,0,0,0,0,1,0,2304,1440
1,4,13.3,65,8,256,58,8,1.37,25815350.0,0,1,0,0,0,0,1,0,2560,1600
4,3,15.6,97,8,256,24,5,2.2,12665000.0,0,1,0,0,0,0,0,1,1920,1080
1,4,15.4,87,16,512,11,8,1.83,48586000.0,0,1,0,0,0,0,1,0,2880,1800
10,3,15.6,59,8,1000,72,4,2.2,8483000.0,1,0,0,0,0,0,0,1,1920,1080
4,4,13.3,83,8,128,61,5,1.22,16643000.0,0,1,0,0,0,1,1,1,1920,1080
2,2,11.6,30,2,32,41,5,0.98,3262300.0,0,0,1,0,0,0,0,0,1366,768
10,1,15.6,77,8,128,75,5,2.5,16983000.0,1,1,0,0,1000,0,1,1,1920,1080
7,3,15.6,22,4,500,12,4,1.86,4386000.0,1,0,0,0,0,0,0,0,1366,768
4,0,13.3,83,8,256,61,5,1.62,13923000.0,0,1,0,0,0,1,0,1,1920,1080
7,4,15.6,106,8,256,53,5,1.91,11203000.0,0,1,0,0,0,0,0,1,1920,1080
4,3,15.6,56,4,1000,47,5,2.3,7116880.0,1,0,0,0,0,0,0,0,1366,768
1,4,13.3,62,8,128,51,3,1.35,18683000.0,0,0,1,0,0,0,0,0,1440,900
4,3,15.6,83,8,256,7,5,2.2,13600000.0,0,1,0,0,0,0,0,1,1920,1080
4,4,15.6,107,8,256,61,5,1.88,22066000.0,0,1,0,0,256,0,0,1,1920,1080
7,3,17.3,83,8,1000,69,5,2.5,15232000.0,1,0,0,0,0,0,0,1,1920,1080
3,3,15.6,29,4,64,40,5,1.89,4164830.0,0,0,1,0,0,0,0,1,1920,1080
2,3,14.0,20,2,32,12,5,1.65,3383000.0,0,0,1,0,0,0,0,0,1366,768
7,3,17.3,8,4,500,7,5,2.71,7463000.0,1,0,0,0,0,0,0,1,1920,1080
4,4,13.3,106,16,512,61,5,1.2,31773000.0,0,1,0,0,0,1,0,2,3200,1800
1,4,13.3,62,8,256,51,3,1.35,16966000.0,0,0,1,0,0,0,0,0,1440,900
10,3,14.0,37,4,64,43,5,1.44,4233000.0,0,0,1,0,0,0,0,0,1366,768
0,3,15.6,60,4,1000,53,2,2.1,6239000.0,1,0,0,0,0,0,0,0,1366,768
4,3,17.3,83,8,128,7,5,2.8,16643000.0,1,1,0,0,1000,0,1,1,1920,1080
7,3,15.6,74,4,1000,53,5,1.86,8307730.0,1,0,0,0,0,0,0,0,1366,768
7,3,15.6,83,8,256,70,5,2.1,14943000.0,0,1,0,0,0,0,0,1,1920,1080
2,3,15.6,56,4,1000,53,2,2.0,6613000.0,1,0,0,0,0,0,0,1,1920,1080
4,1,15.6,102,16,256,79,5,2.65,25483000.0,1,1,0,0,1000,0,1,1,1920,1080
2,3,15.6,74,8,1000,72,2,2.3,8890830.0,1,0,0,0,0,0,0,0,1366,768
0,3,15.6,83,4,256,61,5,2.2,11594000.0,0,1,0,0,0,0,1,1,1920,1080
4,0,17.3,83,12,1000,63,5,2.77,16983000.0,1,0,0,0,0,1,0,1,1920,1080
1,4,13.3,64,8,256,56,8,1.37,24123000.0,0,1,0,0,0,0,1,0,2560,1600
10,3,15.6,56,4,128,47,4,2.2,6273000.0,0,1,0,0,0,0,0,0,1366,768
2,1,17.3,26,8,256,37,5,3.2,22083000.0,1,1,0,0,1000,0,0,1,1920,1080
4,3,15.6,74,4,256,24,5,2.3,10863000.0,0,1,0,0,0,0,0,1,1920,1080
2,3,17.3,113,4,1000,66,5,2.8,7922000.0,1,0,0,0,0,0,0,0,1366,768
10,0,10.1,31,4,64,41,0,0.69,5423000.0,0,0,1,0,0,1,1,0,1920,1200
0,3,15.6,106,8,256,98,5,2.2,14297000.0,0,1,0,0,0,0,1,1,1920,1080
7,3,15.6,8,4,256,16,5,1.86,6774330.0,0,1,0,0,0,0,0,1,1920,1080
7,3,13.3,106,8,512,61,5,1.49,18751000.0,0,1,0,0,0,0,0,1,1920,1080
0,3,15.6,59,4,1000,53,5,2.4,6528000.0,1,0,0,0,0,0,0,0,1366,768
4,3,15.6,106,8,256,6,5,2.13,13052600.0,0,1,0,0,0,0,0,1,1920,1080
7,3,15.6,56,4,128,47,5,1.91,7463000.0,0,1,0,0,0,0,0,1,1920,1080
2,3,15.6,74,4,256,53,5,2.0,9965230.0,0,1,0,0,0,0,0,0,1366,768
11,1,17.3,102,16,256,80,5,2.43,41633000.0,1,1,0,0,2000,0,0,1,1920,1080
2,3,15.6,56,4,256,47,2,2.0,7055000.0,0,1,0,0,0,0,0,1,1920,1080
4,3,17.3,106,16,256,7,5,2.8,22083000.0,1,1,0,0,2000,0,0,1,1920,1080
4,4,14.0,83,8,256,61,5,1.7,14943000.0,0,1,0,0,0,0,0,1,1920,1080
10,3,14.0,60,8,256,53,4,1.7,10183000.0,0,1,0,0,0,0,1,1,1920,1080
2,3,14.0,83,8,256,61,5,1.4,15997000.0,0,1,0,0,0,0,0,1,1920,1080
7,3,15.6,74,8,256,53,5,1.86,11730000.0,0,1,0,0,0,0,0,1,1920,1080
2,4,15.6,102,16,512,76,5,1.8,33711000.0,0,1,0,0,0,0,0,1,1920,1080
7,3,15.6,56,4,500,6,5,1.86,7457730.0,1,0,0,0,0,0,0,0,1366,768
7,3,14.0,36,4,32,41,5,1.44,3893000.0,0,1,0,0,0,0,0,0,1366,768
10,3,15.6,74,4,1000,53,5,1.9,9333000.0,1,0,0,0,0,0,0,1,1920,1080
2,1,17.3,102,12,1000,76,2,3.0,16133000.0,1,0,0,0,0,0,0,1,1920,1080
13,4,13.5,74,4,128,53,6,1.252,18513000.0,0,1,0,0,0,1,0,0,2256,1504
4,4,13.3,106,8,256,7,5,1.4,16235000.0,0,1,0,0,0,0,1,1,1920,1080
4,3,15.6,106,8,256,7,5,2.2,14790000.0,0,1,0,0,0,0,0,1,1920,1080
11,1,17.3,77,8,128,75,5,2.7,18615000.0,1,1,0,0,1000,0,0,1,1920,1080
0,3,14.0,56,8,1000,47,5,2.1,6613000.0,1,0,0,0,0,0,0,0,1366,768
2,1,15.6,102,8,1000,75,5,2.2,16133000.0,1,0,0,0,0,0,0,1,1920,1080
10,3,15.6,74,8,2000,53,4,2.2,8823000.0,1,0,0,0,0,0,0,1,1920,1080
4,3,15.6,106,8,128,61,5,2.02,14535000.0,1,1,0,0,1000,0,0,1,1920,1080
0,3,15.6,60,4,1000,97,5,2.2,9010000.0,1,0,0,0,0,0,0,1,1920,1080
7,3,17.3,83,8,128,69,5,2.5,16609000.0,1,1,0,0,1000,0,0,1,1920,1080
4,4,15.6,83,8,256,61,5,1.88,18634720.0,0,1,0,0,0,0,1,1,1920,1080
1,4,12.0,61,8,512,52,8,0.92,25670000.0,0,1,0,0,0,0,1,0,2304,1440
7,3,14.0,83,8,256,53,5,1.63,14620000.0,0,1,0,0,0,0,0,1,1920,1080
10,3,15.6,8,4,128,5,5,2.2,6783000.0,0,1,0,0,0,0,0,1,1920,1080
0,3,15.6,14,4,1000,17,5,2.1,6715000.0,1,0,0,0,0,0,0,0,1366,768
4,1,15.6,102,16,128,76,5,2.65,22933000.0,1,1,0,0,1000,0,1,1,1920,1080
7,4,15.6,106,8,256,85,5,1.83,11883000.0,0,1,0,0,0,0,1,1,1920,1080
7,3,15.6,74,8,256,53,5,1.96,10182830.0,0,1,0,0,0,0,0,1,1920,1080
2,1,15.6,102,16,128,79,5,2.2,24633000.0,1,1,0,0,1000,0,1,1,1920,1080
4,4,13.3,106,8,256,61,5,1.21,28033000.0,0,1,0,0,0,0,1,1,1920,1080
2,1,15.6,24,8,1000,36,5,2.45,11883000.0,1,0,0,0,0,0,0,1,1920,1080
0,3,15.6,106,8,1000,98,5,2.2,11713000.0,1,0,0,0,0,0,0,1,1920,1080
7,3,13.3,106,16,512,61,5,1.49,20349000.0,0,1,0,0,0,0,0,1,1920,1080
4,1,15.6,77,8,256,79,5,2.65,20315000.0,0,1,0,0,0,0,0,1,1920,1080
2,4,14.0,97,8,256,53,5,1.25,17833000.0,0,1,0,0,0,0,0,1,1920,1080
0,0,13.3,83,8,256,61,5,1.5,14399000.0,0,1,0,0,0,1,1,1,1920,1080
4,3,15.6,97,8,1000,24,2,2.2,10198300.0,1,0,0,0,0,0,0,1,1920,1080
4,3,15.6,56,4,256,24,2,2.2,8245000.0,0,1,0,0,0,0,0,1,1920,1080
2,3,15.6,59,6,256,65,5,2.0,9809000.0,0,1,0,0,0,0,0,1,1920,1080
7,1,15.6,102,12,128,75,5,2.62,21233000.0,1,1,0,0,1000,0,1,1,1920,1080
7,3,15.6,97,8,256,7,5,1.91,12223000.0,0,1,0,0,0,0,0,1,1920,1080
7,3,15.6,22,4,500,12,5,2.1,5933000.0,1,0,0,0,0,0,0,1,1920,1080
4,3,15.6,83,8,1000,6,2,2.2,10999000.0,1,0,0,0,0,0,0,1,1920,1080
7,4,13.3,97,8,256,98,5,1.38,19023000.0,0,1,0,0,0,0,1,1,1920,1080
13,4,13.5,74,8,256,53,6,1.252,22780000.0,0,1,0,0,0,1,0,0,2256,1504
7,3,14.0,74,6,256,72,5,1.58,11203000.0,0,1,0,0,0,0,1,1,1920,1080
10,3,15.6,56,4,1000,47,5,1.85,7053300.0,1,0,0,0,0,0,0,1,1920,1080
2,4,14.0,97,8,256,72,5,1.3,20281000.0,0,1,0,0,0,0,1,1,1920,1080
11,1,15.6,102,16,256,76,5,2.2,22083000.0,1,1,0,0,1000,0,0,1,1920,1080
10,3,14.0,97,8,256,53,5,1.58,25160000.0,0,1,0,0,0,0,1,1,1920,1080
2,4,15.6,106,16,256,98,5,1.5,21454000.0,1,1,0,0,1000,0,0,1,1920,1080
4,4,13.3,98,8,256,58,5,1.23,23443000.0,0,1,0,0,0,1,0,2,3200,1800
10,0,13.3,74,8,256,53,5,1.37,23783000.0,0,1,0,0,0,1,1,1,1920,1080
7,3,14.0,83,4,500,61,5,1.63,12274000.0,1,0,0,0,0,0,1,0,1366,768
4,4,13.3,83,8,256,61,5,1.21,27693000.0,0,1,0,0,0,0,1,1,1920,1080
7,0,13.3,83,8,256,61,5,1.26,23782830.0,0,1,0,0,0,1,1,1,1920,1080
7,3,14.0,106,8,512,61,5,1.63,18428000.0,0,1,0,0,0,0,0,1,1920,1080
4,3,15.6,106,8,256,72,5,2.16,19215610.0,1,1,0,0,1000,0,1,1,1920,1080
2,3,17.3,56,4,1000,66,5,2.0,9588000.0,1,0,0,0,0,0,0,1,1920,1080
2,3,15.6,106,8,256,72,5,1.7,19006000.0,0,1,0,0,0,0,0,1,1920,1080
0,3,15.6,59,6,1000,53,5,2.1,8143000.0,1,0,0,0,0,1,1,1,1920,1080
11,1,15.6,102,16,256,80,5,1.8,38105500.0,1,1,0,0,2000,0,0,1,1920,1080
10,3,15.6,74,8,256,72,4,2.2,10693000.0,0,1,0,0,0,0,0,1,1920,1080
7,3,17.3,106,16,512,70,5,2.5,21607000.0,0,1,0,0,0,0,0,1,1920,1080
0,3,15.6,14,4,256,17,5,2.1,7667000.0,0,1,0,0,0,0,0,0,1366,768
7,3,15.6,36,4,500,41,4,1.86,4403000.0,1,0,0,0,0,0,0,0,1366,768
7,3,14.0,83,8,1000,61,5,1.63,13804000.0,1,0,0,0,0,0,0,1,1920,1080
2,3,14.0,16,4,64,12,6,1.65,4725830.0,0,1,0,0,0,0,0,0,1366,768
4,3,17.3,106,16,256,7,5,2.8,23732000.0,1,1,0,0,2000,0,0,1,1920,1080
7,3,17.3,83,8,256,61,5,2.5,15776000.0,0,1,0,0,0,0,0,1,1920,1080
4,3,15.6,74,8,1000,30,5,2.36,10862830.0,1,0,0,0,0,0,0,0,1366,768
4,3,15.6,56,4,1000,24,5,2.2,7633000.0,1,0,0,0,0,0,0,1,1920,1080
0,4,14.0,106,8,256,61,5,1.6,15028000.0,0,1,0,0,0,0,1,1,1920,1080
0,3,15.6,60,4,256,97,5,2.2,9724000.0,0,1,0,0,0,0,0,1,1920,1080
7,3,15.6,97,8,1000,53,5,2.05,10166000.0,1,0,0,0,0,0,0,0,1366,768
7,3,14.0,106,8,256,61,5,1.63,16796000.0,0,1,0,0,0,0,0,1,1920,1080
10,3,15.6,37,4,1000,43,4,1.9,4290120.0,1,0,0,0,0,0,0,0,1366,768
2,1,17.3,77,8,128,75,5,3.0,15946000.0,1,1,0,0,1000,0,0,1,1920,1080
10,3,15.6,74,4,1000,66,4,2.2,8483000.0,1,0,0,0,0,0,0,1,1920,1080
7,3,13.3,74,4,256,53,5,1.32,11883000.0,0,1,0,0,0,0,1,1,1920,1080
0,3,17.3,60,4,1000,97,5,3.0,11135000.0,1,0,0,0,0,0,1,1,1920,1080
10,3,14.0,83,8,256,35,5,1.75,18972340.0,0,1,0,0,0,0,1,1,1920,1080
10,1,15.6,102,8,256,77,4,2.4,14773000.0,0,1,0,0,0,0,1,1,1920,1080
16,3,15.6,68,4,500,47,5,2.1,10234000.0,1,0,0,0,0,0,0,0,1366,768
7,3,15.6,8,4,256,16,5,1.86,6273000.0,0,1,0,0,0,0,0,0,1366,768
2,4,14.0,106,8,256,61,5,1.25,18683000.0,0,1,0,0,0,0,0,1,1920,1080
7,4,12.5,47,8,512,46,5,0.97,34238000.0,0,1,0,0,0,1,1,3,3840,2160
2,3,15.6,37,4,1000,43,5,2.0,5848000.0,1,0,0,0,0,0,0,1,1920,1080
11,1,17.3,102,16,256,80,5,2.9,34493000.0,1,1,0,0,1000,0,0,1,1920,1080
0,3,15.6,56,4,1000,47,5,2.1,7599000.0,1,0,0,0,0,0,0,0,1366,768
4,1,15.6,102,16,512,75,5,2.56,21237420.0,0,1,0,0,0,0,0,1,1920,1080
4,1,15.6,102,8,1000,75,5,2.62,15283000.0,0,0,0,1,0,0,0,1,1920,1080
10,3,15.6,74,4,128,53,5,1.9,8466000.0,0,1,0,0,0,0,0,0,1366,768
11,1,17.3,102,16,256,79,5,2.8,32130000.0,1,1,0,0,1000,0,0,1,1920,1080
7,4,14.0,80,4,256,53,5,1.48,18394000.0,0,1,0,0,0,0,0,1,1920,1080
7,3,15.6,83,6,256,6,5,1.91,10523000.0,0,1,0,0,0,0,0,1,1920,1080
10,0,14.0,59,4,256,53,5,1.74,10693000.0,0,1,0,0,0,1,1,1,1920,1080
2,0,13.3,83,8,256,53,5,1.1,22355000.0,0,1,0,0,0,1,0,1,1920,1080
4,0,15.6,106,8,256,61,5,1.56,17833000.0,0,1,0,0,0,1,0,1,1920,1080
16,3,15.6,55,4,500,47,5,2.1,7599000.0,1,0,0,0,0,0,0,0,1366,768
2,3,15.6,14,4,1000,22,5,2.03,6851000.0,1,0,0,0,0,0,0,0,1366,768
0,3,17.3,83,4,256,98,5,3.0,13685000.0,0,1,0,0,0,0,1,1,1920,1080
4,3,15.6,83,8,256,6,5,2.13,12376000.0,0,1,0,0,0,0,0,1,1920,1080
10,1,15.6,102,16,256,76,5,2.5,18343000.0,0,1,0,0,0,0,1,1,1920,1080
0,3,15.6,37,4,1000,43,5,2.1,5916000.0,1,0,0,0,0,0,0,0,1366,768
11,1,15.6,102,16,256,79,5,2.4,30583000.0,1,1,0,0,1000,0,1,1,1920,1080
0,3,15.6,113,4,1000,44,5,2.1,6179670.0,1,0,0,0,0,0,0,0,1366,768
4,1,15.6,102,8,128,75,5,2.56,18028330.0,1,1,0,0,1000,0,0,1,1920,1080
0,3,17.3,83,8,256,98,5,3.0,14518000.0,0,1,0,0,0,0,1,1,1920,1080
7,3,13.3,83,4,500,61,5,1.49,12818000.0,1,0,0,0,0,0,1,1,1920,1080
8,4,13.0,74,8,256,53,5,1.05,22933000.0,0,1,0,0,0,0,1,1,2160,1440
7,3,17.3,74,6,2000,6,5,2.71,11883000.0,1,0,0,0,0,0,1,1,1920,1080
10,3,15.6,9,4,500,16,4,2.2,5253000.0,1,0,0,0,0,0,0,0,1366,768
16,3,15.6,59,4,500,53,5,2.0,8313000.0,1,0,0,0,0,0,0,0,1366,768
7,3,17.3,83,8,256,69,5,2.5,15691000.0,0,1,0,0,0,0,0,1,1920,1080
4,3,15.6,59,8,1000,53,5,2.3,7803000.0,1,0,0,0,0,0,0,0,1366,768
0,3,15.6,56,4,128,47,5,2.1,7633000.0,0,1,0,0,0,0,0,0,1366,768
11,1,18.4,95,32,512,62,5,4.4,47583000.0,1,1,0,0,1000,0,0,1,1920,1080
10,3,15.6,74,8,128,4,5,1.9,13821000.0,1,1,0,0,1000,0,0,1,1920,1080
7,0,13.3,83,8,256,61,5,1.29,25483000.0,0,1,0,0,0,1,1,3,3840,2160
4,3,15.6,106,16,256,7,2,2.02,17833000.0,1,1,0,0,2000,0,0,1,1920,1080
4,4,13.3,83,8,256,61,5,1.23,23783000.0,0,1,0,0,0,0,0,1,1920,1080
10,0,13.9,106,16,512,61,5,1.4,31433000.0,0,1,0,0,0,1,1,3,3840,2160
16,3,15.6,74,8,128,53,5,2.0,13481000.0,0,1,0,0,0,0,0,0,1366,768
18,3,15.6,83,8,256,98,4,1.95,20383000.0,0,1,0,0,0,0,1,1,1920,1080
4,3,17.3,106,16,512,63,5,2.77,26333000.0,0,1,0,0,0,1,0,1,1920,1080
4,3,15.6,102,16,512,75,5,2.06,40749000.0,0,1,0,0,0,1,0,3,3840,2160
10,1,15.6,77,8,256,75,4,2.4,13243000.0,0,1,0,0,0,0,1,1,1920,1080
0,4,13.3,81,8,256,52,5,1.12,16813000.0,0,1,0,0,0,0,1,1,1920,1080
4,3,17.3,106,8,128,7,5,2.8,18445000.0,1,1,0,0,1000,0,0,1,1920,1080
10,0,14.0,97,16,1000,53,5,1.42,48008000.0,0,1,0,0,0,1,0,0,2560,1440
17,3,14.0,37,4,32,43,5,1.3,4420000.0,0,0,1,0,0,0,1,1,1920,1080
18,4,13.3,74,8,256,98,4,1.3,16998300.0,0,1,0,0,0,0,1,1,1920,1080
10,3,17.3,83,8,256,98,4,2.8,11866000.0,0,1,0,0,0,0,0,0,1600,900
4,0,13.3,106,8,1000,61,5,1.62,14263000.0,1,0,0,0,0,1,1,1,1920,1080
7,3,17.3,83,8,1000,69,5,2.5,15538000.0,1,0,0,0,0,0,1,1,1920,1080
14,1,17.3,103,32,1000,82,5,3.49,103683000.0,0,1,0,0,0,1,0,3,3840,2160
7,3,13.3,83,8,512,61,5,1.49,16303000.0,0,1,0,0,0,0,0,1,1920,1080
7,1,17.3,102,16,256,75,5,3.35,23443000.0,1,1,0,0,1000,0,1,1,1920,1080
7,3,17.3,106,8,256,70,5,2.5,17765000.0,0,1,0,0,0,0,0,1,1920,1080
4,1,15.6,102,16,512,79,5,2.65,31365000.0,1,1,0,0,1000,0,1,3,3840,2160
10,3,15.6,68,4,128,47,5,2.1,8381000.0,0,1,0,0,0,0,0,0,1366,768
0,3,15.6,97,8,1000,72,5,2.23,12614000.0,1,0,0,0,0,0,0,1,1920,1080
10,1,15.6,102,16,512,79,5,3.2,29733000.0,1,1,0,0,1000,0,1,1,1920,1080
4,5,15.6,114,16,256,101,5,2.8,51935000.0,1,1,0,0,1000,0,0,3,3840,2160
10,1,15.6,102,16,512,79,4,2.4,23766000.0,0,1,0,0,0,0,0,1,1920,1080
4,3,15.6,59,6,1000,53,5,2.3,7463000.0,1,0,0,0,0,1,0,0,1366,768
4,4,13.3,106,8,256,61,5,1.21,33133000.0,0,1,0,0,0,1,1,3,3840,2160
4,4,13.3,106,8,256,61,5,1.2,24633000.0,0,1,0,0,0,0,0,1,1920,1080
10,3,15.6,74,8,256,53,5,2.2,10149000.0,0,1,0,0,0,0,0,0,1366,768
0,3,15.6,102,8,1000,75,2,2.4,13243000.0,1,0,0,0,0,0,0,1,1920,1080
2,1,17.3,102,16,256,75,5,2.9,23919000.0,1,1,0,0,1000,0,0,1,1920,1080
7,3,15.6,56,4,500,47,4,2.1,5933000.0,1,0,0,0,0,0,0,1,1920,1080
10,3,15.6,74,8,256,53,4,2.2,9333000.0,0,1,0,0,0,0,0,1,1920,1080
8,4,13.0,97,8,512,53,5,1.05,25483000.0,0,1,0,0,0,0,1,1,2160,1440
4,4,13.3,106,8,256,7,5,1.4,15841960.0,0,1,0,0,0,0,1,1,1920,1080
10,3,17.3,74,8,1000,85,4,2.8,10013000.0,1,0,0,0,0,0,0,0,1600,900
7,3,14.0,106,8,256,69,5,1.63,17527000.0,0,1,0,0,0,0,0,1,1920,1080
4,4,14.0,83,8,256,61,5,1.6,19533000.0,0,1,0,0,0,0,0,1,1920,1080
4,0,13.3,106,16,512,61,5,1.62,21743000.0,0,1,0,0,0,1,0,1,1920,1080
4,3,15.6,83,8,256,6,2,2.2,11514950.0,0,1,0,0,0,0,0,1,1920,1080
10,0,14.0,83,8,256,61,5,1.74,15283000.0,0,1,0,0,0,0,1,1,1920,1080
16,4,13.3,89,8,256,47,5,1.2,23171000.0,0,1,0,0,0,0,0,1,1920,1080
7,3,15.6,83,8,1000,61,5,2.1,13498000.0,1,0,0,0,0,0,0,1,1920,1080
4,1,17.3,102,16,256,79,5,4.42,41757780.0,1,1,0,0,1000,0,1,1,1920,1080
0,3,15.6,97,8,256,72,5,2.2,14144000.0,0,1,0,0,0,0,0,1,1920,1080
4,3,15.6,97,16,1000,30,5,2.3,14603170.0,1,0,0,0,0,1,0,1,1920,1080
2,3,15.6,74,8,256,67,5,2.0,13073000.0,0,1,0,0,0,0,0,1,1920,1080
2,3,17.3,74,8,256,86,5,2.69,15147000.0,1,1,0,0,500,0,0,1,1920,1080
7,3,15.6,97,8,1000,1,5,1.9,21573000.0,1,0,0,0,0,0,0,1,1920,1080
2,3,15.6,59,4,1000,53,5,2.37,6782830.0,1,0,0,0,0,0,0,0,1366,768
7,3,15.6,19,4,500,12,5,2.1,5610000.0,1,0,0,0,0,0,0,0,1366,768
10,1,15.6,102,16,256,79,5,3.2,25483000.0,1,1,0,0,1000,0,1,1,1920,1080
4,3,14.0,74,8,256,53,5,1.6,14603000.0,0,1,0,0,0,0,0,1,1920,1080
0,0,13.3,68,8,256,47,5,1.6,11713000.0,0,1,0,0,0,1,1,1,1920,1080
4,3,15.6,97,16,256,30,2,2.36,15283000.0,0,1,0,0,0,0,0,1,1920,1080
0,3,15.6,56,4,1000,47,2,2.1,6630000.0,1,0,0,0,0,0,0,0,1366,768
2,3,15.6,2,4,128,24,5,2.2,9775000.0,1,1,0,0,1000,0,0,1,1920,1080
2,1,17.3,103,32,512,82,5,4.7,66130000.0,1,1,0,0,1000,0,0,1,1920,1080
0,1,15.6,77,8,256,75,5,2.5,14382000.0,0,1,0,0,0,0,1,1,1920,1080
10,3,15.6,56,8,128,47,5,2.2,10013000.0,0,1,0,0,0,0,0,0,1366,768
2,3,17.3,106,8,128,63,5,2.1,19465000.0,1,1,0,0,1000,0,0,1,1920,1080
2,3,17.3,97,8,128,86,4,2.69,15113000.0,1,1,0,0,1000,0,0,1,1920,1080
4,1,15.6,77,8,256,75,5,2.56,14943000.0,0,1,0,0,0,0,0,1,1920,1080
10,0,13.9,97,8,256,53,5,1.38,18343000.0,0,1,0,0,0,1,1,1,1920,1080
4,3,15.6,106,8,128,7,5,2.2,16745000.0,1,1,0,0,2000,0,0,1,1920,1080
7,3,15.6,74,8,1000,53,5,2.04,9503000.0,1,0,0,0,0,1,0,0,1366,768
2,1,17.3,103,16,256,82,5,3.6,50983000.0,0,1,0,0,0,0,0,1,1920,1080
7,3,13.3,83,4,500,61,5,1.49,11475000.0,1,0,0,0,0,0,1,1,1920,1080
1,4,13.3,67,8,512,59,8,1.37,34680000.0,0,1,0,0,0,0,1,0,2560,1600
4,0,15.6,106,8,1000,61,5,2.08,13923000.0,1,0,0,0,0,1,1,1,1920,1080
2,1,17.3,102,16,256,93,5,4.3,30583000.0,1,1,0,0,1000,0,0,1,1920,1080
2,3,15.6,14,4,1000,22,5,1.68,7973000.0,1,0,0,0,0,0,0,0,1366,768
10,0,13.9,106,8,512,61,5,1.37,31433000.0,0,1,0,0,0,1,1,1,1920,1080
0,3,17.3,60,4,256,97,5,3.0,11934000.0,0,1,0,0,0,0,1,1,1920,1080
4,4,13.3,83,8,256,61,5,1.41,16133000.0,0,1,0,0,0,0,0,1,1920,1080
7,3,15.6,10,8,128,16,5,1.91,7580300.0,0,1,0,0,0,0,0,0,1366,768
7,3,17.3,106,16,1000,98,5,2.9,18003000.0,1,0,0,0,0,0,1,1,1920,1080
11,1,17.3,102,16,512,80,5,4.14,42483000.0,1,1,0,0,1000,0,0,1,1920,1080
10,0,15.6,102,8,512,77,5,2.0,28883000.0,0,1,0,0,0,1,1,1,1920,1080
4,3,17.3,106,8,128,7,5,2.8,19414000.0,1,1,0,0,1000,0,0,1,1920,1080
10,3,15.6,56,4,256,47,4,2.2,7548000.0,0,1,0,0,0,0,0,1,1920,1080
7,3,15.6,83,4,500,53,5,2.1,12274000.0,1,0,0,0,0,0,1,1,1920,1080
4,3,15.6,74,4,1000,53,5,2.18,11169000.0,1,0,0,0,0,0,0,1,1920,1080
4,3,15.6,74,8,1000,24,5,2.24,9605000.0,1,0,0,0,0,0,0,1,1920,1080
4,0,15.6,83,8,256,61,5,2.67,13583000.0,0,1,0,0,0,1,0,1,1920,1080
2,0,13.3,106,8,512,61,5,1.1,25483000.0,0,1,0,0,512,1,0,1,1920,1080
10,3,15.6,74,4,1000,53,4,2.2,7939000.0,1,0,0,0,0,0,0,1,1920,1080
7,3,17.3,106,8,1000,70,5,2.5,17306000.0,1,0,0,0,0,0,0,1,1920,1080
10,3,15.6,106,8,256,61,5,2.05,14960000.0,0,1,0,0,0,0,0,1,1920,1080
1,4,13.3,66,8,512,57,8,1.37,33301300.0,0,1,0,0,0,0,1,0,2560,1600
2,1,17.3,26,16,256,37,5,3.2,26333000.0,1,1,0,0,1000,0,0,1,1920,1080
4,3,15.6,106,8,256,6,2,2.14,12496190.0,0,1,0,0,0,0,0,1,1920,1080
10,0,14.0,91,16,512,47,5,1.36,42483000.0,0,1,0,0,0,1,0,0,2560,1440
16,3,15.6,89,8,500,68,5,2.2,13804000.0,1,0,0,0,0,0,0,0,1366,768
4,3,15.6,97,12,1000,53,5,2.3,12122190.0,1,0,0,0,0,0,0,0,1366,768
4,3,17.3,106,8,128,7,2,2.8,18683000.0,1,1,0,0,1000,0,0,1,1920,1080
0,3,15.6,106,8,1000,97,5,2.2,12665000.0,1,0,0,0,0,0,1,1,1920,1080
10,3,17.3,56,4,1000,47,5,2.8,8313000.0,1,0,0,0,0,0,0,0,1600,900
10,3,17.3,106,8,2000,98,4,2.8,14433000.0,1,0,0,0,0,0,0,1,1920,1080
10,3,17.3,97,6,128,72,5,2.8,14603000.0,1,1,0,0,1000,0,0,0,1600,900
4,3,15.6,54,4,1000,24,2,2.25,7276000.0,1,0,0,0,0,0,0,1,1920,1080
10,1,15.6,77,8,256,75,5,2.5,14093000.0,0,1,0,0,0,0,1,1,1920,1080
10,3,15.6,74,6,256,53,5,2.2,9843000.0,0,1,0,0,0,0,0,1,1920,1080
0,3,15.6,106,8,256,98,5,3.0,16167000.0,0,1,0,0,0,0,1,1,1920,1080
0,3,15.6,97,12,1000,53,5,2.15,11203000.0,1,0,0,0,0,1,1,1,1920,1080
10,3,15.6,97,8,256,55,5,1.95,18649000.0,0,1,0,0,0,0,1,1,1920,1080
2,4,15.6,74,8,256,72,5,1.7,16609000.0,0,1,0,0,0,0,0,1,1920,1080
10,1,15.6,102,16,256,76,5,2.5,20043000.0,1,1,0,0,1000,0,1,1,1920,1080
10,3,15.6,97,8,1000,72,4,2.2,11203170.0,1,0,0,0,0,0,0,1,1920,1080
0,3,15.6,32,2,16,40,1,2.19,3383000.0,0,1,0,0,0,0,0,0,1366,768
2,1,17.3,102,8,1000,75,5,3.0,20179000.0,1,0,0,0,0,0,0,1,1920,1080
7,3,17.3,56,8,1000,47,5,2.54,8313000.0,1,0,0,0,0,0,0,0,1600,900
4,3,15.6,102,8,256,75,5,2.0,31093000.0,0,1,0,0,0,0,0,1,1920,1080
10,3,15.6,83,8,256,61,5,2.05,12563000.0,0,1,0,0,0,0,0,1,1920,1080
10,1,15.6,102,8,1000,79,5,3.2,22083000.0,1,0,0,0,0,0,1,1,1920,1080
0,3,15.6,102,8,256,76,2,2.5,16643000.0,0,1,0,0,0,0,0,1,1920,1080
4,5,17.3,104,16,256,101,5,3.42,49042620.0,0,1,0,0,0,0,0,1,1920,1080
10,3,15.6,0,6,1000,18,5,2.4,8483000.0,1,0,0,0,0,0,0,1,1920,1080
2,4,15.6,97,16,512,72,5,1.63,24956000.0,0,1,0,0,0,0,0,1,1920,1080
2,3,14.0,59,4,128,53,5,1.3,8653000.0,0,1,0,0,0,0,0,0,1366,768
2,1,17.3,102,16,256,80,5,2.9,36074000.0,1,1,0,0,1000,0,0,1,1920,1080
10,3,17.3,74,6,1000,84,5,2.8,11033000.0,1,0,0,0,0,0,0,0,1600,900
10,3,15.6,74,8,2000,72,4,2.2,9333000.0,1,0,0,0,0,0,0,0,1366,768
2,1,15.6,102,8,128,76,5,2.5,21505000.0,1,1,0,0,1000,0,0,1,1920,1080
10,3,15.6,113,4,1000,44,4,2.2,6119830.0,1,0,0,0,0,0,0,0,1366,768
7,0,13.3,99,16,256,53,5,1.28,33575000.0,0,1,0,0,0,1,0,1,1920,1080
16,3,15.6,89,8,256,68,5,2.2,17731000.0,0,1,0,0,0,0,1,1,1920,1080
10,3,15.6,74,8,128,72,5,2.3,13923000.0,1,1,0,0,1000,0,0,1,1920,1080
7,3,15.6,56,4,1000,47,5,1.86,7973000.0,1,0,0,0,0,0,0,1,1920,1080
10,3,13.3,74,8,256,53,5,1.1,16983000.0,0,1,0,0,0,0,1,1,1920,1080
4,4,13.3,106,16,1000,61,5,1.21,42483000.0,0,1,0,0,0,1,1,3,3840,2160
11,1,15.6,102,16,256,80,5,2.8,35683000.0,1,1,0,0,1000,0,1,1,1920,1080
0,3,15.6,11,8,256,17,5,2.23,7973000.0,0,1,0,0,0,0,0,1,1920,1080
2,0,11.6,37,2,32,43,5,1.1,4675000.0,0,0,1,0,0,1,0,0,1366,768
4,3,15.6,83,8,128,7,5,2.33,14348000.0,1,1,0,0,1000,0,0,1,1920,1080
7,0,13.3,106,16,1000,61,5,1.29,41633000.0,0,1,0,0,0,1,1,3,3840,2160
10,3,13.3,33,4,16,45,1,1.45,7818300.0,0,0,1,0,0,0,0,0,1366,768
7,3,14.0,74,8,256,53,5,1.95,16660000.0,0,1,0,0,0,0,0,1,1920,1080
0,3,11.6,112,4,128,42,5,1.4,8245000.0,0,0,1,0,0,0,0,0,1366,768
7,3,14.0,97,8,256,53,5,1.48,21964000.0,0,1,0,0,0,0,0,1,1920,1080
10,3,17.3,74,4,1000,66,5,2.79,10013000.0,1,0,0,0,0,0,0,0,1600,900
2,3,14.0,97,8,256,53,5,2.0,18598000.0,0,1,0,0,0,0,0,1,1920,1080
7,3,15.6,106,8,1000,61,5,2.1,15334000.0,1,0,0,0,0,0,1,1,1366,768
0,3,15.6,4,8,256,34,5,2.2,11203000.0,0,1,0,0,0,0,0,0,1366,768
10,3,14.0,37,4,32,43,5,1.44,4964000.0,0,0,1,0,0,0,0,0,1366,768
0,3,15.6,74,6,1000,53,5,2.23,9333000.0,1,0,0,0,0,0,0,0,1366,768
2,4,15.6,97,8,256,72,5,1.7,17848300.0,0,1,0,0,0,0,0,1,1920,1080
7,4,12.5,97,8,256,53,5,1.26,22695000.0,0,1,0,0,0,0,0,1,1920,1080
4,3,15.6,102,32,1000,75,5,2.06,44863000.0,0,1,0,0,0,1,0,3,3840,2160
11,1,17.3,102,8,256,76,5,2.7,20383000.0,1,1,0,0,1000,0,0,1,1920,1080
16,3,15.6,74,8,256,53,5,2.0,16031000.0,0,1,0,0,0,0,1,1,1920,1080
2,3,14.0,97,8,256,53,5,2.0,22678000.0,1,1,0,0,1000,0,0,1,1920,1080
10,3,15.6,56,4,1000,47,5,1.85,7633000.0,1,0,0,0,0,0,0,1,1920,1080
2,1,15.6,102,8,256,75,5,2.5,16983000.0,0,1,0,0,0,0,0,1,1920,1080
7,3,14.0,78,8,256,53,5,1.48,21556000.0,0,1,0,0,0,0,0,1,1920,1080
4,4,15.6,83,8,128,72,5,1.9,17833000.0,1,1,0,0,1000,0,1,1,1920,1080
7,3,15.6,74,8,256,53,5,1.84,19448000.0,0,1,0,0,0,0,0,1,1920,1080
2,3,15.6,37,4,1000,43,2,2.0,4674830.0,1,0,0,0,0,0,0,0,1366,768
4,3,15.6,83,8,256,72,5,2.0,19426750.0,0,1,0,0,0,0,0,1,1920,1080
4,3,15.6,36,4,500,40,2,2.2,4673300.0,1,0,0,0,0,0,0,0,1366,768
10,3,15.6,5,12,2000,7,5,2.2,15283000.0,1,0,0,0,0,0,0,1,1920,1080
7,3,15.6,59,8,1000,70,5,2.1,12172000.0,1,0,0,0,0,0,1,1,1920,1080
10,0,13.9,106,16,512,61,5,1.4,35683000.0,0,1,0,0,0,1,1,3,3840,2160
4,4,13.3,106,8,256,61,5,1.2,26843000.0,0,1,0,0,0,0,0,1,1920,1080
10,1,15.6,102,16,256,76,5,2.4,19193000.0,1,1,0,0,2000,0,1,1,1920,1080
7,3,14.0,36,2,32,41,5,1.44,4743000.0,0,0,1,0,0,0,0,0,1366,768
4,4,15.6,107,16,512,61,5,1.88,27335320.0,0,1,0,0,256,0,0,1,1920,1080
2,0,11.6,37,4,32,43,5,1.5,6375000.0,0,0,1,0,0,1,0,0,1366,768
4,4,15.6,83,8,1000,7,5,1.9,11271000.0,1,0,0,0,0,0,0,1,1920,1080
4,3,15.6,102,16,512,75,5,2.06,34466140.0,0,1,0,0,0,1,0,3,3840,2160
7,3,15.6,97,8,256,53,5,1.84,22168000.0,0,1,0,0,0,0,0,1,1920,1080
11,1,17.3,102,8,128,79,5,2.7,23953000.0,1,1,0,0,1000,0,0,1,1920,1080
7,5,15.6,102,8,256,101,5,2.6,29550590.0,0,1,0,0,0,0,0,1,1920,1080
16,3,15.6,89,16,512,68,5,2.4,23851000.0,0,1,0,0,0,0,1,1,1920,1080
4,3,15.6,106,8,128,7,5,2.02,16505300.0,1,1,0,0,2000,0,0,1,1920,1080
10,3,15.6,37,4,1000,43,4,2.2,5473830.0,1,0,0,0,0,0,0,0,1366,768
4,1,15.6,77,8,1000,75,5,2.65,16983000.0,1,0,0,0,0,0,0,1,1920,1080
4,3,15.6,74,8,2000,53,5,2.36,9475290.0,1,0,0,0,0,1,0,0,1366,768
4,3,14.0,78,8,256,53,5,1.36,24259000.0,0,1,0,0,0,0,0,1,1920,1080
7,3,15.6,56,4,500,47,5,1.86,7463000.0,1,0,0,0,0,0,0,0,1366,768
2,3,14.0,74,8,256,53,5,2.0,16065000.0,0,1,0,0,0,0,0,1,1920,1080
10,3,17.3,74,6,128,85,5,2.8,12223000.0,1,1,0,0,1000,0,0,0,1600,900
7,3,15.6,74,8,1000,53,5,1.86,10863000.0,1,0,0,0,0,0,0,1,1920,1080
10,3,15.6,56,8,256,67,4,2.2,8483000.0,0,1,0,0,0,0,0,0,1366,768
7,3,15.6,112,8,2000,42,5,2.04,6613000.0,1,0,0,0,0,0,0,0,1366,768
4,3,17.3,83,8,128,7,5,2.8,18445000.0,1,1,0,0,1000,0,0,1,1920,1080
10,1,15.6,77,8,128,75,4,2.4,13753000.0,1,1,0,0,1000,0,1,1,1920,1080
4,3,15.6,97,8,256,30,5,2.33,15283000.0,0,1,0,0,0,0,0,1,1920,1080
7,4,14.0,97,8,256,53,5,1.36,29750000.0,0,1,0,0,0,0,1,1,1920,1080
2,0,15.6,97,12,512,74,5,2.26,18683000.0,1,1,0,0,2000,1,0,1,1920,1080
0,3,15.6,14,4,128,17,5,2.1,7242000.0,0,1,0,0,0,0,0,0,1366,768
2,1,17.3,26,16,256,37,5,3.25,37383000.0,1,1,0,0,1000,0,1,1,1920,1080
10,3,17.3,11,4,128,17,5,2.6,8313000.0,0,1,0,0,0,0,0,0,1600,900
4,0,13.3,106,8,256,61,5,1.62,14773170.0,0,1,0,0,0,1,0,1,1920,1080
7,3,15.6,14,4,256,17,5,1.91,8312830.0,0,1,0,0,0,0,0,1,1920,1080
10,2,11.6,41,4,128,43,5,1.59,9401000.0,0,1,0,0,0,0,1,0,1366,768
4,3,15.6,35,4,500,41,5,1.8,5253000.0,1,0,0,0,0,0,0,0,1366,768
2,3,14.0,37,4,32,43,5,1.5,4862000.0,0,0,1,0,0,0,0,0,1366,768
0,3,15.6,102,8,1000,75,2,2.4,14382000.0,1,0,0,0,0,0,0,1,1920,1080
7,1,17.3,102,8,128,75,5,3.35,20247000.0,1,1,0,0,1000,0,1,1,1920,1080
10,3,15.6,56,4,128,47,4,1.85,6859500.0,0,1,0,0,0,0,0,1,1920,1080
2,1,15.6,102,8,128,79,5,2.3,28135000.0,1,1,0,0,1000,0,1,1,1920,1080
10,3,14.0,74,8,256,72,5,1.5,18683000.0,0,1,0,0,0,0,1,1,1920,1080
2,4,13.3,97,16,512,53,5,1.1,29731300.0,0,1,0,0,0,1,0,1,1920,1080
10,4,14.0,97,8,512,53,5,1.13,38794000.0,0,1,0,0,0,0,1,0,2560,1440
10,3,13.3,59,4,128,53,5,1.5,9333000.0,0,1,0,0,0,0,1,1,1920,1080
4,5,15.6,72,8,500,2,5,2.23,23273000.0,1,0,0,0,0,0,0,1,1920,1080
4,5,15.6,94,8,256,101,5,2.0,36295000.0,0,1,0,0,0,0,1,1,1920,1080
10,0,14.0,97,16,512,53,5,1.42,42653000.0,0,1,0,0,0,1,0,0,2560,1440
2,1,17.3,102,8,1000,75,5,3.0,17663000.0,1,0,0,0,0,0,0,1,1920,1080
2,1,17.3,102,16,256,76,5,3.0,27047000.0,1,1,0,0,1000,0,0,1,1920,1080
0,3,15.6,83,12,1000,97,5,2.2,11797830.0,1,0,0,0,0,0,1,0,1366,768
11,1,17.3,102,8,256,76,5,2.7,22933000.0,0,1,0,0,0,0,0,1,1920,1080
4,3,15.6,97,8,256,30,2,2.33,13240790.0,0,1,0,0,0,0,0,1,1920,1080
7,4,15.6,14,4,256,6,5,1.91,8483000.0,0,1,0,0,0,0,0,1,1920,1080
10,3,15.6,106,8,256,35,5,2.1,20902520.0,0,1,0,0,0,0,1,1,1920,1080
10,3,14.0,74,8,256,53,5,1.9,15946000.0,0,1,0,0,0,0,1,1,1920,1080
4,5,15.6,102,8,256,101,5,1.78,46104000.0,0,1,0,0,0,1,0,3,3840,2160
10,4,14.0,97,16,1000,53,5,1.13,44625000.0,0,1,0,0,0,0,1,0,2560,1440
10,3,15.6,37,4,1000,43,5,2.2,5202000.0,1,0,0,0,0,0,0,0,1366,768
2,1,17.3,102,16,256,75,5,2.9,25993000.0,1,1,0,0,1000,0,0,1,1920,1080
10,3,15.6,83,8,256,35,5,2.1,19456500.0,1,1,0,0,1000,0,1,1,1920,1080
0,3,15.6,102,8,256,75,2,2.5,14943000.0,0,1,0,0,0,0,0,1,1920,1080
11,1,17.3,102,16,256,80,5,2.8,38233000.0,1,1,0,0,1000,0,0,1,1920,1080
2,4,14.0,97,8,512,53,5,1.1,31841000.0,0,1,0,0,0,0,0,1,1920,1080
16,4,13.3,89,16,512,47,5,1.2,29699000.0,0,1,0,0,0,0,0,1,1920,1080
4,4,14.0,99,8,512,40,5,1.36,28560000.0,0,1,0,0,0,0,0,1,1920,1080
10,3,15.6,56,4,500,47,5,2.2,6953000.0,1,0,0,0,0,0,0,1,1920,1080
10,3,11.6,37,2,32,43,5,1.15,5175650.0,0,0,1,0,0,0,0,0,1366,768
10,5,15.6,102,8,512,101,5,2.67,32725000.0,0,1,0,0,0,0,0,1,1920,1080
10,4,14.0,102,8,512,74,5,1.7,33031000.0,0,1,0,0,0,0,1,1,2560,1440
7,3,15.6,56,4,1000,6,5,2.1,7973000.0,1,0,0,0,0,0,0,1,1920,1080
0,0,13.3,89,8,256,47,5,1.6,13413170.0,0,1,0,0,0,1,1,1,1920,1080
2,0,13.3,74,8,256,53,5,1.27,15776000.0,0,1,0,0,0,1,1,1,1920,1080
4,3,15.6,74,4,256,24,2,2.3,10181300.0,0,1,0,0,0,0,0,1,1920,1080
4,3,13.3,56,4,128,47,5,1.65,11713000.0,0,1,0,0,0,0,0,0,1366,768
7,4,14.0,89,8,256,47,5,1.43,25500000.0,0,1,0,0,0,0,0,1,1920,1080
4,3,15.6,74,8,1000,53,5,2.14,9179150.0,1,0,0,0,0,0,0,0,1366,768
10,4,14.0,106,8,256,35,5,1.75,20661460.0,0,1,0,0,0,0,1,1,1920,1080
10,0,15.6,102,16,512,75,5,2.0,32283000.0,0,1,0,0,0,1,1,3,3840,2160
3,3,12.3,41,6,64,43,5,1.4,7633000.0,0,0,1,0,0,0,1,0,2736,1824
7,3,15.6,104,8,256,55,5,2.31,24259000.0,0,1,0,0,0,0,0,1,1920,1080
2,3,15.6,59,8,1000,72,2,2.3,10149000.0,1,0,0,0,0,0,0,1,1920,1080
4,1,17.3,103,16,256,80,5,4.42,47583000.0,1,1,0,0,1000,0,1,0,2560,1440
4,1,15.6,102,8,128,76,5,2.62,19703000.0,1,1,0,0,1000,0,1,1,1920,1080
4,3,15.6,106,8,256,7,5,2.02,19420800.0,1,1,0,0,2000,0,0,1,1920,1080
4,4,14.0,99,8,256,53,2,1.6,18683000.0,0,1,0,0,0,0,0,1,1920,1080
7,1,17.3,102,12,256,80,5,3.35,33983000.0,1,1,0,0,1000,0,0,1,1920,1080
12,0,11.6,37,4,32,43,5,1.16,5083000.0,0,1,0,0,0,1,1,1,1920,1080
15,2,11.6,36,4,16,41,1,1.15,4573000.0,0,0,1,0,0,0,0,0,1366,768
10,3,13.3,97,8,256,53,5,1.4,17170000.0,0,1,0,0,0,0,1,1,1920,1080
10,3,14.0,60,4,128,53,5,1.7,10183000.0,0,1,0,0,0,0,1,1,1920,1080
10,5,15.6,99,16,512,72,5,2.3,41565000.0,0,1,0,0,0,0,1,3,3840,2160
10,3,15.6,104,16,512,104,5,2.5,41633000.0,0,1,0,0,0,0,0,1,1920,1080
2,1,17.3,25,8,256,37,5,3.2,28815000.0,1,1,0,0,1000,0,0,1,1920,1080
7,3,15.6,36,4,500,41,5,2.1,5899000.0,1,0,0,0,0,0,0,0,1366,768
6,4,12.3,105,16,512,52,1,1.1,37383000.0,0,1,0,0,0,1,0,0,2400,1600
10,4,14.0,97,24,512,53,5,1.32,40494000.0,0,1,0,0,0,0,0,0,2560,1440
2,3,15.6,74,4,256,53,2,2.0,9503000.0,0,1,0,0,0,0,0,1,1920,1080
10,3,17.3,8,8,1000,15,5,2.8,8823000.0,1,0,0,0,0,0,0,0,1600,900
4,3,15.6,83,4,256,7,5,2.2,12733000.0,0,1,0,0,0,0,0,1,1920,1080
10,4,12.5,74,8,256,53,5,1.36,24293000.0,0,1,0,0,0,0,1,1,1920,1080
10,3,15.6,113,4,128,44,5,2.2,5933000.0,0,1,0,0,0,0,0,1,1920,1080
7,1,15.6,102,8,128,75,5,2.2,18683000.0,1,1,0,0,1000,0,1,1,1920,1080
4,3,14.0,79,8,256,69,5,1.64,20043000.0,0,1,0,0,0,0,0,1,1920,1080
0,3,15.6,74,4,500,53,2,2.4,7510600.0,1,0,0,0,0,0,0,0,1366,768
4,5,15.6,114,8,64,108,5,2.23,33881000.0,1,0,1,0,1000,0,0,1,1920,1080
11,1,15.6,77,8,256,75,5,2.2,17471580.0,0,1,0,0,0,0,0,1,1920,1080
13,4,13.5,100,16,512,58,6,1.25,44013000.0,0,1,0,0,0,1,0,0,2256,1504
7,3,15.6,74,8,128,53,5,1.91,10013000.0,0,1,0,0,0,0,0,0,1366,768
4,5,15.6,94,16,256,108,5,2.17,33575000.0,0,1,0,0,0,0,1,1,1920,1080
7,5,15.6,104,8,512,53,5,2.31,26078000.0,0,1,0,0,0,0,1,1,1920,1080
10,3,14.0,74,8,256,53,5,1.65,22865000.0,0,1,0,0,0,0,0,1,1920,1080
4,3,15.6,106,8,128,7,5,2.36,16643000.0,1,1,0,0,1000,0,0,1,1920,1080
4,0,11.6,112,4,500,42,5,1.47,8143000.0,1,0,0,0,0,1,0,0,1366,768
4,3,17.3,101,8,1000,79,5,4.42,34782000.0,1,0,0,0,0,0,1,1,1920,1080
13,4,13.5,52,4,128,52,6,1.252,16813000.0,0,1,0,0,0,1,0,0,2256,1504
13,4,13.5,100,8,256,58,6,1.25,30583000.0,0,1,0,0,0,1,0,0,2256,1504
7,3,17.3,56,8,256,47,5,2.5,10878300.0,0,1,0,0,0,0,0,0,1600,900
0,3,15.6,56,4,1000,72,5,2.23,9248000.0,1,0,0,0,0,0,0,1,1920,1080
0,2,11.6,36,4,128,41,5,1.4,7395000.0,0,1,0,0,0,0,0,0,1366,768
2,3,15.6,74,8,1000,53,5,2.37,12733000.0,1,0,0,0,0,0,0,1,1920,1080
10,3,14.0,97,8,512,31,4,1.5,13583000.0,0,1,0,0,0,0,1,1,1920,1080
10,3,15.6,104,8,256,104,5,2.67,35530000.0,0,1,0,0,0,0,0,1,1920,1080
2,3,15.6,113,4,500,43,5,2.0,5168000.0,1,0,0,0,0,0,0,0,1366,768
0,3,15.6,56,4,500,85,5,2.2,7973000.0,1,0,0,0,0,0,0,0,1366,768
4,3,15.6,83,8,2000,7,5,2.02,12903000.0,1,0,0,0,0,0,0,1,1920,1080
7,1,17.3,102,12,1000,79,5,3.78,28883000.0,1,0,0,0,0,0,1,1,1920,1080
10,4,14.0,91,12,256,47,5,1.4,31586000.0,0,1,0,0,0,0,1,2,2560,1440
7,0,13.3,106,8,512,61,5,1.29,33983000.0,0,1,0,0,0,1,1,3,3840,2160
7,3,15.6,74,8,500,1,5,1.9,19618000.0,1,0,0,0,0,0,0,1,1920,1080
6,4,12.3,82,8,128,52,1,1.1,21675000.0,0,1,0,0,0,1,0,0,2400,1600
4,4,13.3,83,8,256,61,5,1.42,31311450.0,0,1,0,0,0,1,0,1,1920,1080
2,3,15.6,92,12,128,48,5,2.06,22083000.0,1,1,0,0,1000,0,1,3,3840,2160
4,3,14.0,58,8,128,47,5,1.79,12580000.0,0,1,0,0,0,0,0,0,1366,768
4,5,15.6,102,8,256,101,5,1.78,40936000.0,0,1,0,0,0,0,0,1,1920,1080
10,3,14.0,74,8,180,53,5,1.7,23188000.0,0,1,0,0,0,0,0,1,1920,1080
4,3,15.6,83,8,1000,6,5,2.2,11475000.0,1,0,0,0,0,0,0,1,1920,1080
16,3,13.3,74,8,256,53,5,1.05,28424000.0,0,1,0,0,0,0,1,1,1920,1080
4,3,15.6,106,8,512,72,5,2.16,21454000.0,0,1,0,0,0,0,1,1,1920,1080
4,3,15.6,59,4,1000,53,5,2.18,9972200.0,1,0,0,0,0,0,0,0,1366,768
7,3,13.3,83,4,128,61,5,1.49,12342000.0,0,1,0,0,0,0,1,1,1920,1080
3,3,15.6,30,4,64,40,5,1.89,4231300.0,0,0,1,0,0,0,0,1,1920,1080
10,3,15.6,54,4,128,47,5,2.3,9605000.0,0,1,0,0,0,0,0,0,1366,768
10,3,14.0,83,8,256,61,5,1.75,17833000.0,0,1,0,0,0,0,1,1,1920,1080
4,5,15.6,94,16,512,108,5,2.17,39746000.0,0,1,0,0,0,0,1,1,1920,1080
4,3,15.6,102,16,512,75,5,2.06,32283000.0,0,1,0,0,0,0,0,1,1920,1080
10,4,12.5,97,16,512,53,5,1.36,30566000.0,0,1,0,0,0,0,1,1,1920,1080
2,4,12.5,97,16,512,53,5,0.91,33150000.0,0,1,0,0,0,0,0,1,1920,1080
10,3,15.6,74,8,256,72,5,2.3,17203830.0,0,1,0,0,0,0,1,1,1920,1080
16,4,13.3,97,32,512,53,5,1.05,47583000.0,0,1,0,0,0,1,0,1,1920,1080
2,1,15.6,102,8,128,75,5,1.99,22950000.0,1,1,0,0,1000,0,0,1,1920,1080
0,3,15.6,1,8,1000,34,5,2.2,9843000.0,1,0,0,0,0,0,0,0,1366,768
2,1,17.3,92,24,256,90,5,4.33,21573000.0,1,1,0,0,1000,1,1,1,1920,1080
10,4,12.5,68,8,180,47,5,1.3,18683000.0,0,1,0,0,0,0,1,0,1366,768
10,3,15.6,106,8,256,61,5,2.17,15281300.0,0,1,0,0,0,0,0,1,1920,1080
7,3,14.0,99,8,1000,53,5,1.48,29733000.0,0,1,0,0,0,0,0,1,1920,1080
10,3,13.3,59,8,256,53,5,1.4,16133000.0,0,1,0,0,0,0,1,1,1920,1080
10,3,15.6,74,8,256,53,5,2.3,15487000.0,0,1,0,0,0,0,1,1,1920,1080
2,2,11.6,37,4,64,43,6,1.2,5780000.0,0,0,1,0,0,0,0,0,1366,768
7,3,15.6,74,8,256,6,5,1.91,10522830.0,0,1,0,0,0,0,0,0,1366,768
10,0,13.9,83,8,256,61,5,1.4,27183000.0,0,1,0,0,0,1,1,1,1920,1080
10,3,14.0,37,4,500,43,5,2.1,5083000.0,1,0,0,0,0,0,0,0,1366,768
10,2,11.6,36,4,16,41,1,1.25,4505000.0,0,1,0,0,0,0,0,0,1366,768
10,3,13.3,74,8,256,53,5,1.44,16133000.0,0,1,0,0,0,0,0,1,1920,1080
2,3,15.6,97,8,256,53,5,2.0,20808000.0,1,1,0,0,1000,0,0,1,1920,1080
0,3,15.6,83,4,1000,98,5,2.2,10421000.0,1,0,0,0,0,0,1,1,1920,1080
7,4,13.3,97,8,512,53,5,1.34,22491000.0,0,1,0,0,0,0,1,1,1920,1080
10,1,15.6,102,8,256,79,4,2.4,19533000.0,1,1,0,0,1000,0,1,1,1920,1080
4,4,13.3,74,8,128,53,5,1.29,15283000.0,0,1,0,0,0,1,1,1,1920,1080
0,3,15.6,97,4,500,72,5,2.2,10863000.0,1,0,0,0,0,0,0,1,1920,1080
4,3,15.6,74,8,1000,53,5,2.18,14212000.0,1,0,0,0,0,0,0,1,1920,1080
4,3,15.6,106,16,256,7,5,2.2,20727080.0,1,1,0,0,2000,0,0,1,1920,1080
18,3,15.6,106,16,256,98,4,1.95,23799150.0,0,1,0,0,0,0,1,1,1920,1080
2,2,11.6,37,2,32,43,5,1.1,4165000.0,0,0,1,0,0,0,0,0,1366,768
7,3,15.6,83,4,1000,61,5,2.04,8864990.0,1,0,0,0,0,1,0,0,1366,768
2,1,15.6,102,24,512,96,5,2.24,50456000.0,0,1,0,0,0,0,0,1,1920,1080
7,3,15.6,74,8,256,69,5,2.04,15113000.0,0,1,0,0,0,0,0,1,1920,1080
2,1,17.3,102,16,256,94,5,3.0,25568000.0,1,1,0,0,1000,0,0,1,1920,1080
10,1,15.6,102,8,256,79,5,3.2,23783000.0,1,1,0,0,1000,0,1,1,1920,1080
7,4,13.3,97,8,256,53,5,1.32,23783000.0,0,1,0,0,0,0,1,1,1920,1080
4,3,14.0,78,8,256,53,5,1.64,21755410.0,0,1,0,0,0,0,0,1,1920,1080
7,3,15.6,56,4,128,47,5,1.63,11713000.0,0,1,0,0,0,0,0,0,1366,768
4,3,17.3,83,8,128,7,2,2.8,15113000.0,1,1,0,0,1000,0,1,1,1920,1080
10,3,14.0,68,8,256,47,7,2.02,22780000.0,0,1,0,0,0,0,0,1,1920,1080
10,3,15.6,97,4,1000,66,5,2.2,13583000.0,1,0,0,0,0,0,0,1,1920,1080
10,3,15.6,56,8,2000,67,4,2.2,7803000.0,1,0,0,0,0,0,0,0,1366,768
4,3,15.6,74,4,500,24,5,2.3,9945000.0,1,0,0,0,0,0,0,1,1920,1080
4,3,15.6,79,8,256,53,5,1.9,23409000.0,0,1,0,0,0,0,0,1,1920,1080
4,1,17.3,102,16,128,80,5,4.42,51217090.0,1,1,0,0,1000,0,1,1,1920,1080
16,3,15.6,74,8,500,53,5,2.0,14620000.0,1,0,0,0,0,0,1,1,1920,1080
2,3,15.6,97,8,256,89,5,2.0,22083000.0,1,1,0,0,1000,0,1,3,3840,2160
12,3,13.3,41,4,32,43,5,1.2,6273000.0,0,1,0,0,0,0,1,1,1920,1080
2,1,15.6,77,8,128,79,5,2.3,28033000.0,1,1,0,0,1000,0,1,1,1920,1080
4,3,15.6,99,8,256,69,5,1.93,23273000.0,0,1,0,0,0,0,0,1,1920,1080
4,3,15.6,83,8,256,7,5,2.2,13555970.0,0,1,0,0,0,0,0,1,1920,1080
7,3,15.6,112,4,256,42,5,1.86,6782830.0,0,1,0,0,0,0,0,1,1920,1080
7,1,17.3,102,12,1000,79,5,2.62,30583000.0,1,0,0,0,0,0,0,1,1920,1080
10,3,14.0,97,8,256,72,5,1.87,14603000.0,0,1,0,0,0,0,1,1,1920,1080
4,4,13.3,106,8,256,61,5,1.2,23783000.0,0,1,0,0,0,1,0,2,3200,1800
4,3,14.0,56,4,128,47,5,1.6,12509790.0,0,1,0,0,0,0,0,1,1920,1080
7,4,13.3,97,8,256,53,5,1.34,19465000.0,0,1,0,0,0,0,1,2,3200,1800
0,1,15.6,77,8,1000,75,2,2.4,13566000.0,1,0,0,0,0,0,0,1,1920,1080
2,3,15.6,17,4,500,13,5,2.0,5933000.0,1,0,0,0,0,0,0,0,1366,768
7,3,15.6,59,4,128,53,5,2.1,11993500.0,0,1,0,0,0,0,0,1,1920,1080
10,3,14.0,74,4,500,53,5,1.87,13345000.0,1,0,0,0,0,0,0,1,1920,1080
10,3,15.6,68,4,1000,47,4,2.15,7859950.0,1,0,0,0,0,0,0,1,1920,1080
7,3,15.6,56,4,500,47,5,1.86,6749000.0,1,0,0,0,0,0,0,1,1920,1080
10,3,15.6,97,8,512,53,5,1.99,29393000.0,0,1,0,0,0,0,1,1,1920,1080
10,3,15.6,56,4,128,47,5,2.2,8483000.0,0,1,0,0,0,0,0,1,1920,1080
4,3,15.6,74,8,256,53,5,1.9,18988830.0,0,1,0,0,0,0,0,1,1920,1080
4,1,17.3,102,16,256,80,5,4.42,45883000.0,1,1,0,0,1000,0,1,1,1920,1080
7,3,17.3,56,8,1000,47,5,2.65,9250550.0,1,0,0,0,0,0,0,0,1600,900
7,3,17.3,97,8,1000,69,5,2.63,21760000.0,1,0,0,0,0,0,0,1,1920,1080
2,3,15.6,37,4,500,43,2,2.0,3808000.0,1,0,0,0,0,0,0,0,1366,768
12,3,13.3,30,4,32,40,5,1.35,4335000.0,0,0,1,0,0,0,1,1,1920,1080
10,3,17.3,97,6,128,72,5,2.8,16133000.0,1,1,0,0,1000,0,0,0,1600,900
7,3,15.6,2,6,128,7,5,1.91,9671300.0,0,1,0,0,0,0,1,1,1920,1080
4,3,15.6,56,4,1000,22,5,2.18,10504300.0,1,0,0,0,0,0,0,0,1366,768
0,0,11.6,38,4,32,43,5,1.25,5933000.0,0,0,1,0,0,1,1,1,1920,1080
10,3,15.6,60,4,128,53,5,2.05,10710000.0,0,1,0,0,0,0,0,1,1920,1080
7,4,13.3,47,16,512,46,5,1.16,33405000.0,0,1,0,0,0,1,1,2,3200,1800
10,3,17.3,102,8,256,109,5,3.4,50983000.0,0,1,0,0,0,0,1,1,1920,1080
2,3,15.6,77,8,128,75,5,2.5,14263000.0,1,1,0,0,1000,0,0,1,1920,1080
4,4,13.3,83,8,128,61,5,1.21,27183000.0,0,1,0,0,0,1,1,3,3840,2160
4,3,15.6,78,4,500,53,5,1.93,16303000.0,1,0,0,0,0,0,0,0,1366,768
5,3,15.6,74,8,1000,53,5,2.2,12563000.0,1,0,0,0,0,0,0,0,1366,768
10,3,15.6,113,4,500,44,5,2.2,5848000.0,1,0,0,0,0,0,0,1,1920,1080
10,3,14.0,74,4,500,53,5,2.02,16830000.0,1,0,0,0,0,0,0,0,1366,768
7,5,17.3,79,8,500,101,5,3.14,31636830.0,1,0,0,0,0,0,0,0,1600,900
7,3,14.0,112,8,2000,42,5,1.94,6613000.0,1,0,0,0,0,0,0,0,1366,768
7,3,15.6,15,6,256,7,5,1.95,11033000.0,0,1,0,0,0,0,1,1,1920,1080
10,3,15.6,74,8,256,53,5,2.3,14110000.0,0,1,0,0,0,0,0,1,1920,1080
10,3,15.6,83,4,500,53,5,2.05,11645000.0,1,0,0,0,0,0,0,1,1920,1080
12,3,14.0,30,4,32,40,5,1.4,4233000.0,0,1,0,0,0,0,0,1,1920,1080
16,4,14.0,97,16,512,53,5,1.24,31705000.0,0,1,0,0,0,1,0,1,1920,1080
10,1,17.3,93,32,256,80,5,4.6,45271000.0,1,1,0,0,1000,0,1,1,1920,1080
11,1,17.3,103,16,512,80,5,4.14,46393000.0,1,1,0,0,1000,0,0,1,1920,1080
4,3,15.6,97,8,256,24,2,2.2,12733170.0,0,1,0,0,0,0,0,1,1920,1080
12,3,14.0,41,4,32,43,5,1.45,6613000.0,0,1,0,0,0,0,1,1,1920,1080
4,3,15.6,78,8,500,53,5,1.9,17144840.0,1,0,0,0,0,0,0,0,1366,768
7,3,13.3,59,4,128,53,5,1.49,12223000.0,0,1,0,0,0,0,0,1,1920,1080
4,3,15.6,99,16,256,69,5,1.93,26135630.0,0,1,0,0,0,0,0,1,1920,1080
4,2,11.6,36,4,16,41,1,1.26,5015000.0,0,0,1,0,0,0,0,0,1366,768
11,1,17.3,93,16,128,93,5,4.5,39933000.0,1,1,0,0,1000,0,0,1,1920,1080
7,1,17.3,102,16,256,75,5,3.78,25466000.0,1,1,0,0,1000,0,1,1,1920,1080
10,4,14.0,91,12,256,47,5,1.4,28441000.0,0,1,0,0,0,0,1,1,1920,1080
10,3,15.6,106,12,1000,53,5,2.2,10353000.0,1,0,0,0,0,1,0,0,1366,768
2,1,17.3,77,8,128,79,5,2.73,30090000.0,1,1,0,0,1000,0,1,1,1920,1080
2,0,15.6,74,8,1000,47,5,2.2,12563000.0,1,0,0,0,0,1,0,0,1366,768
10,3,15.6,5,12,512,7,5,2.2,16133000.0,0,1,0,0,0,0,0,1,1920,1080
4,0,11.6,48,4,128,52,5,1.39,10251000.0,0,1,0,0,0,1,0,0,1366,768
15,3,15.6,102,16,128,75,5,2.5,28883000.0,1,1,0,0,1000,0,0,1,1920,1080
10,3,17.3,56,4,500,47,4,2.8,8993000.0,1,0,0,0,0,0,0,1,1920,1080
10,3,15.6,58,8,1000,47,5,2.29,7803000.0,1,0,0,0,0,0,0,0,1366,768
10,0,13.3,97,8,512,53,5,1.37,34425000.0,0,1,0,0,0,1,1,1,1920,1080
10,3,14.0,77,8,256,55,5,1.7,25058000.0,0,1,0,0,0,0,1,1,1920,1080
4,0,12.5,74,8,256,53,5,1.34,28390000.0,0,1,0,0,0,1,0,1,1920,1080
4,5,15.6,102,8,256,108,5,2.06,29971000.0,0,1,0,0,0,1,0,1,1920,1080
7,3,15.6,97,8,256,53,5,1.84,20723000.0,0,1,0,0,0,0,0,1,1920,1080
7,3,15.6,59,4,500,53,5,2.1,11364160.0,1,0,0,0,0,0,0,0,1366,768
0,3,14.0,41,4,32,43,5,1.6,5593000.0,0,0,1,0,0,0,0,1,1920,1080
11,1,17.3,93,16,128,91,5,4.14,37383000.0,1,1,0,0,1000,0,0,1,1920,1080
4,3,15.6,56,4,1000,22,2,2.18,7905000.0,1,0,0,0,0,0,0,0,1366,768
11,1,15.6,102,16,256,79,5,1.8,39083000.0,1,1,0,0,2000,0,0,3,3840,2160
16,3,15.6,89,8,256,47,5,2.2,23783000.0,0,1,0,0,0,0,1,1,1920,1080
10,3,15.6,74,6,1000,53,5,2.4,9588000.0,1,0,0,0,0,0,0,1,1920,1080
10,0,15.6,102,8,256,55,5,2.0,22083000.0,0,1,0,0,0,1,1,1,1920,1080
0,3,14.0,112,4,128,42,5,1.6,5933000.0,0,0,1,0,0,0,0,0,1366,768
10,3,15.6,116,32,1000,104,5,2.5,83283000.0,0,1,0,0,0,0,1,3,3840,2160
4,1,15.6,92,16,1000,88,5,2.59,14943170.0,1,0,0,0,0,0,0,1,1920,1080
4,3,15.6,54,4,1000,47,2,2.18,7546300.0,1,0,0,0,0,0,0,0,1366,768
4,3,15.6,54,4,1000,47,2,2.25,6103000.0,1,0,0,0,0,0,0,0,1366,768
4,3,15.6,78,4,500,53,2,1.93,14773000.0,1,0,0,0,0,0,0,0,1366,768
2,1,17.3,102,8,128,75,5,3.0,19856000.0,1,1,0,0,1000,0,0,1,1920,1080
4,3,15.6,74,4,128,22,2,2.18,9673000.0,0,1,0,0,0,0,0,1,1920,1080
7,4,15.6,97,8,512,53,5,1.84,23613000.0,0,1,0,0,0,0,0,1,1920,1080
11,1,15.6,102,16,256,80,5,2.94,38553620.0,1,1,0,0,1000,0,0,1,1920,1080
0,0,11.6,40,4,32,41,1,1.25,6443000.0,0,0,1,0,0,1,1,0,1366,768
7,3,14.0,78,8,256,53,5,2.31,19108000.0,0,1,0,0,0,0,0,0,1366,768
10,3,14.0,68,8,256,47,7,1.65,24905000.0,0,1,0,0,0,0,0,1,1920,1080
4,3,15.6,83,4,1000,7,5,2.2,13192000.0,1,0,0,0,0,0,0,1,1920,1080
5,3,15.6,74,8,256,53,5,2.2,13583000.0,0,1,0,0,0,0,0,0,1366,768
7,3,15.6,68,4,500,47,7,1.88,15844000.0,1,0,0,0,0,0,0,0,1366,768
10,3,15.6,97,8,1000,66,5,2.2,15283000.0,1,0,0,0,0,0,0,1,1920,1080
12,3,14.0,30,2,32,40,5,1.4,4063000.0,0,0,1,0,0,0,0,1,1920,1080
10,3,15.6,74,4,128,53,4,2.2,7956000.0,0,1,0,0,0,0,0,1,1920,1080
2,0,13.3,74,6,1000,53,5,1.5,10863170.0,1,0,0,0,0,1,0,1,1920,1080
4,3,15.6,102,8,256,75,5,2.0,30940000.0,0,1,0,0,0,0,0,1,1920,1080
2,4,14.0,97,16,512,53,5,1.1,32300000.0,0,1,0,0,0,0,0,1,1920,1080
4,1,15.6,102,16,256,76,5,2.62,25143000.0,1,1,0,0,1000,0,0,1,1920,1080
10,3,15.6,83,4,256,61,5,1.8,14093000.0,0,1,0,0,0,0,0,1,1920,1080
10,3,15.6,56,4,1000,67,5,2.2,9843000.0,1,0,0,0,0,0,0,1,1920,1080
2,3,15.6,37,8,1000,43,5,2.0,6783000.0,1,0,0,0,0,0,0,0,1366,768
2,3,15.6,77,8,1000,75,5,1.99,15412540.0,1,0,0,0,0,0,0,1,1920,1080
4,4,13.3,83,8,256,61,5,1.23,31773000.0,0,1,0,0,0,1,0,2,3200,1800
10,3,14.0,36,2,32,41,5,1.42,4233000.0,0,0,1,0,0,0,0,0,1366,768
10,0,13.3,97,8,256,53,5,1.37,29876140.0,0,1,0,0,0,1,1,1,1920,1080
4,3,15.6,102,16,1000,75,5,2.06,40783000.0,0,1,0,0,0,1,0,3,3840,2160
10,1,15.6,102,8,128,77,5,2.5,18853000.0,1,1,0,0,1000,0,1,1,1920,1080
7,3,17.0,14,8,1000,17,5,2.6,8855300.0,1,0,0,0,0,0,0,0,1600,900
10,4,14.0,97,16,512,53,5,1.14,41650000.0,0,1,0,0,0,0,1,1,1920,1080
2,1,15.6,102,8,1000,76,4,2.5,19873000.0,1,0,0,0,0,0,1,1,1920,1080
0,3,15.6,56,4,500,47,5,2.4,7650000.0,1,0,0,0,0,0,0,0,1366,768
10,3,14.0,36,4,32,40,5,1.43,4658000.0,0,0,1,0,0,0,0,0,1366,768
0,4,14.0,74,8,256,39,5,1.8,15623000.0,0,1,0,0,0,0,1,1,1920,1080
14,1,14.0,102,16,256,79,5,1.95,44183000.0,0,1,0,0,0,0,0,1,1920,1080
16,3,13.3,68,8,256,47,5,1.2,20621000.0,0,1,0,0,0,0,0,1,1920,1080
10,4,12.5,97,8,256,53,5,1.36,26928000.0,0,1,0,0,0,0,1,1,1920,1080
2,1,17.3,93,32,512,82,5,3.8,47583000.0,0,1,0,0,0,0,1,1,1920,1080
0,1,15.6,77,8,1000,75,2,2.4,12053000.0,1,0,0,0,0,0,0,1,1920,1080
4,4,13.3,83,8,256,61,5,1.2,24648300.0,0,1,0,0,0,0,0,1,1920,1080
11,1,15.6,102,8,128,76,5,2.2,20260600.0,1,1,0,0,1000,0,0,1,1920,1080
7,3,15.6,56,4,500,47,4,1.86,6203300.0,1,0,0,0,0,0,0,0,1366,768
16,3,15.6,74,8,500,53,5,2.0,18088000.0,1,0,0,0,0,0,1,1,1920,1080
4,3,15.6,106,8,256,7,5,2.2,15623000.0,0,1,0,0,0,0,0,1,1920,1080
4,3,15.6,106,16,256,7,5,2.2,19295000.0,1,1,0,0,2000,0,0,1,1920,1080
10,1,15.6,92,8,128,87,5,3.31,20332000.0,1,1,0,0,1000,0,1,1,1920,1080
4,1,17.3,102,32,512,80,5,4.42,53505290.0,1,1,0,0,1000,0,1,3,3840,2160
4,3,14.0,71,8,256,47,5,1.56,20893000.0,0,1,0,0,0,0,0,1,1920,1080
10,3,15.6,37,4,500,43,5,2.2,7123000.0,1,0,0,0,0,0,0,0,1366,768
10,3,15.6,68,4,500,47,5,2.2,9095000.0,1,0,0,0,0,0,0,1,1920,1080
7,3,15.6,56,6,1000,24,5,2.04,9163000.0,1,0,0,0,0,0,0,0,1920,1080
11,1,17.3,102,8,128,79,5,2.7,25275090.0,1,1,0,0,1000,0,0,1,1920,1080
16,3,15.6,57,4,128,47,5,2.1,8466000.0,0,1,0,0,0,0,0,0,1366,768
4,3,15.6,74,8,1000,53,5,2.06,16235000.0,1,0,0,0,0,0,0,1,1920,1080
7,3,15.6,97,8,1000,7,5,2.1,12665000.0,1,0,0,0,0,0,0,1,1920,1080
16,3,15.6,74,8,256,53,5,2.0,21386000.0,0,1,0,0,0,0,1,1,1920,1080
0,3,15.6,56,4,128,47,2,2.1,7004000.0,0,1,0,0,0,0,0,0,1366,768
13,4,13.5,99,8,256,58,6,1.252,31753450.0,0,1,0,0,0,1,0,0,2256,1504
10,3,15.6,74,8,128,24,5,1.9,13905150.0,1,1,0,0,1000,0,0,1,1920,1080
10,0,13.3,74,8,256,53,5,1.3,17578000.0,0,1,0,0,0,1,1,1,1920,1080
10,3,15.6,21,4,128,13,5,2.2,5933000.0,0,1,0,0,0,0,0,0,1366,768
7,0,14.0,59,4,128,72,5,1.63,11883000.0,0,1,0,0,0,1,1,1,1920,1080
11,1,15.6,102,16,256,75,5,2.4,21998000.0,1,1,0,0,1000,0,0,1,1920,1080
2,4,14.0,74,8,256,53,5,1.1,19295000.0,0,1,0,0,0,0,0,1,1920,1080
7,0,11.6,37,8,64,43,1,1.4,8415000.0,0,0,1,0,0,1,0,0,1366,768
9,4,15.6,106,8,512,53,5,1.09,39083000.0,0,1,0,0,0,0,1,1,1920,1080
0,1,15.6,77,16,256,76,5,2.5,22083000.0,0,1,0,0,0,0,0,1,1920,1080
11,1,15.6,77,8,256,75,5,2.2,16964300.0,0,1,0,0,0,0,0,1,1920,1080
2,3,15.6,37,4,128,43,5,1.86,7123000.0,0,1,0,0,0,0,0,0,1366,768
4,1,15.6,77,16,128,79,5,3.21,34867000.0,1,1,0,0,1000,0,0,1,1920,1080
7,3,17.3,56,4,256,19,5,2.5,11883000.0,0,1,0,0,0,0,1,1,1920,1080
10,0,13.3,106,8,512,61,5,1.19,25483000.0,0,1,0,0,0,1,1,1,1920,1080
4,1,15.6,103,16,256,80,5,3.49,47833750.0,1,1,0,0,1000,0,0,1,1920,1080
7,3,15.6,74,4,500,6,5,1.86,10414370.0,1,0,0,0,0,0,0,0,1366,768
4,3,15.6,56,4,1000,24,5,2.2,9276390.0,1,0,0,0,0,0,0,0,1366,768
7,3,17.3,0,6,2000,29,5,2.65,9673000.0,1,0,0,0,0,0,1,1,1920,1080
10,3,15.6,33,4,500,45,5,2.1,5406000.0,1,0,0,0,0,0,0,0,1366,768
0,3,14.0,33,4,32,45,1,1.45,6375000.0,0,0,1,0,0,0,0,0,1366,768
10,3,14.0,74,4,256,53,5,1.7,11883000.0,0,1,0,0,0,0,0,1,1920,1080
7,5,17.3,102,8,500,101,5,3.14,32435830.0,1,0,0,0,0,0,0,1,1920,1080
10,0,14.0,97,8,256,53,5,1.42,44030000.0,0,1,0,0,0,1,0,0,2560,1440
16,3,13.3,74,8,256,53,5,1.5,16541000.0,0,1,0,0,0,0,1,1,1920,1080
0,2,11.6,34,4,32,40,5,1.4,4573000.0,0,0,1,0,0,0,0,0,1366,768
10,0,14.0,97,16,512,53,5,1.38,29733000.0,0,1,0,0,0,1,0,1,1920,1080
2,0,12.5,49,4,64,46,1,1.2,11373000.0,0,0,1,0,0,1,0,1,1920,1080
16,4,13.3,89,16,512,47,5,1.36,31909000.0,0,1,0,0,0,1,0,1,1920,1080
7,3,15.6,97,4,500,7,5,2.1,11713000.0,1,0,0,0,0,0,1,1,1920,1080
4,1,15.6,77,8,1000,75,5,2.56,13923000.0,1,0,0,0,0,0,0,1,1920,1080
10,3,15.6,13,4,256,7,5,2.2,6783000.0,0,1,0,0,0,0,0,1,1920,1080
10,3,15.6,5,8,1000,25,5,2.2,7293000.0,1,0,0,0,0,0,0,0,1366,768
10,3,15.6,74,4,1000,53,5,2.1,10564650.0,1,0,0,0,1000,0,0,1,1920,1080
10,3,15.6,56,4,500,47,4,1.9,7650000.0,1,0,0,0,0,0,0,0,1366,768
4,3,15.6,74,8,256,53,5,2.18,13515000.0,0,1,0,0,0,0,0,1,1920,1080
0,0,13.3,83,8,256,61,5,1.6,16983000.0,0,1,0,0,0,1,1,1,1920,1080
10,5,15.6,89,16,512,107,7,2.18,31535000.0,0,1,0,0,0,0,0,1,1920,1080
10,3,14.0,70,8,256,47,5,1.8,20247000.0,0,1,0,0,0,0,0,1,1920,1080
7,3,17.3,1,6,2000,7,5,2.71,11135170.0,1,0,0,0,0,0,1,1,1920,1080
10,1,15.6,102,8,128,76,5,2.5,21233000.0,1,1,0,0,1000,0,1,1,1920,1080
4,3,14.0,79,8,256,69,2,1.64,18513000.0,0,1,0,0,0,0,0,1,1920,1080
4,3,15.6,74,8,1000,53,2,1.98,12342000.0,1,0,0,0,0,0,0,1,1920,1080
2,3,14.0,37,4,32,43,5,1.5,5066000.0,0,0,1,0,0,0,0,1,1920,1080
4,3,15.6,78,16,512,53,5,1.93,24253220.0,0,1,0,0,0,0,0,1,1920,1080
10,3,14.0,74,8,256,66,5,1.87,14570190.0,0,1,0,0,0,0,1,1,1920,1080
4,3,15.6,78,8,256,53,5,1.9,20043000.0,0,1,0,0,0,0,0,1,1920,1080
10,3,15.6,7,4,500,15,5,2.19,5066000.0,1,0,0,0,0,0,0,0,1366,768
12,3,14.0,28,4,32,41,5,1.4,4505000.0,1,0,0,0,0,0,1,1,1920,1200
7,3,17.3,97,8,256,69,5,2.63,20400000.0,0,1,0,0,0,0,0,1,1920,1080
10,4,14.0,89,8,512,47,5,1.17,28672880.0,0,1,0,0,0,0,1,2,2560,1440
7,0,13.3,74,8,256,53,5,1.58,14222200.0,0,1,0,0,0,1,1,0,1366,768
10,4,14.0,74,8,256,53,5,1.32,25483000.0,0,1,0,0,0,0,1,1,1920,1080
4,1,17.3,102,32,1000,80,5,4.36,62209800.0,1,1,0,0,1000,0,0,3,3840,2160
11,1,17.3,102,8,128,76,5,2.7,22924160.0,1,1,0,0,1000,0,0,1,1920,1080
10,3,15.6,74,4,1000,53,4,1.9,8328300.0,1,0,0,0,0,0,0,0,1366,768
4,3,15.6,83,8,128,7,5,2.2,12223000.0,1,1,0,0,1000,0,0,1,1920,1080
4,0,13.3,59,4,1000,53,5,1.71,11033000.0,1,0,0,0,0,1,0,1,1920,1080
4,3,15.6,74,8,1000,30,2,2.32,10021840.0,1,0,0,0,0,0,0,0,1366,768
7,3,15.6,14,4,1000,6,5,2.1,8313000.0,1,0,0,0,0,0,0,1,1920,1080
0,1,17.3,92,16,128,79,5,4.2,32895000.0,1,1,0,0,1000,0,1,1,1920,1080
4,3,15.6,74,12,1000,53,5,2.25,11033000.0,1,0,0,0,0,0,0,0,1366,768
7,3,15.6,15,6,128,6,5,2.1,11050000.0,1,1,0,0,1000,0,0,1,1920,1080
0,3,15.6,74,4,500,53,5,2.4,9503000.0,1,0,0,0,0,0,0,0,1366,768
10,3,13.3,74,8,256,53,5,1.44,16320000.0,0,1,0,0,0,0,1,1,1920,1080
10,3,15.6,97,4,1000,53,5,1.85,13243000.0,1,0,0,0,0,0,0,1,1920,1080
7,5,15.6,102,16,256,103,5,2.6,41123000.0,0,1,0,0,0,0,0,1,1920,1080
4,0,13.3,83,8,1000,61,5,1.55,11203000.0,1,0,0,0,0,1,0,1,1920,1080
11,1,15.6,102,16,256,79,5,1.8,35606160.0,1,1,0,0,1000,0,0,1,1920,1080
0,3,15.6,56,4,500,47,5,2.4,6983600.0,1,0,0,0,0,0,0,0,1366,768
4,3,15.6,97,8,128,72,5,2.0,20519000.0,1,1,0,0,1000,0,0,1,1920,1080
4,3,15.6,56,8,256,47,5,2.0,11305000.0,0,1,0,0,0,0,0,0,1366,768
16,3,14.0,74,8,256,53,5,1.25,26095000.0,0,1,0,0,0,1,1,1,1920,1080
10,0,14.0,74,8,256,53,5,1.7,16983000.0,0,1,0,0,0,1,0,1,1920,1080
10,5,15.6,99,16,1000,107,5,2.5,56083000.0,0,1,0,0,0,0,1,3,3840,2160
0,3,14.0,36,2,32,41,1,1.68,5610000.0,0,0,1,0,0,0,0,0,1366,768
15,4,13.3,97,16,256,53,5,0.81,28033000.0,0,1,0,0,0,0,0,1,1920,1080
7,3,15.6,56,8,256,47,5,1.86,9163000.0,0,1,0,0,0,0,0,1,1920,1080
4,3,14.0,74,8,256,53,5,1.6,19154070.0,0,1,0,0,0,0,0,0,1366,768
7,5,17.3,115,16,256,102,7,3.0,74613000.0,0,1,0,0,0,0,1,1,1920,1080
10,2,11.6,36,4,128,41,5,1.4,8075000.0,0,1,0,0,0,1,0,0,1366,768
7,3,15.6,71,8,256,47,5,1.84,32300000.0,0,1,0,0,0,0,0,1,1920,1080
2,3,15.6,70,4,1000,86,4,2.45,9843000.0,1,0,0,0,0,0,0,0,1366,768
10,4,14.0,68,4,180,47,5,1.7,18632000.0,0,1,0,0,0,0,0,1,1920,1080
2,3,15.6,97,4,256,53,5,2.37,14448300.0,0,1,0,0,0,0,0,0,1366,768
10,0,13.3,69,8,256,50,5,1.3,20383000.0,0,1,0,0,0,1,1,2,3200,1800
7,3,15.6,77,8,128,75,5,2.2,18683000.0,1,1,0,0,1000,0,1,1,1920,1080
7,5,15.6,92,8,256,100,7,2.59,26537000.0,0,1,0,0,0,0,0,1,1920,1080
4,1,15.6,102,16,256,80,5,4.42,48772830.0,1,1,0,0,1000,0,1,3,3840,2160
0,3,15.6,74,4,256,53,5,2.1,10183000.0,0,1,0,0,0,0,0,0,1366,768
10,1,15.6,102,8,128,75,5,2.5,17816000.0,1,1,0,0,1000,0,1,1,1920,1080
4,4,12.5,99,16,256,53,5,1.18,31603000.0,0,1,0,0,0,0,0,1,1920,1080
6,4,12.3,82,8,256,52,1,1.1,26503000.0,0,1,0,0,0,1,0,0,2400,1600
2,4,13.3,74,8,256,53,5,1.2,19193000.0,0,1,0,0,0,0,1,2,3200,1800
4,3,13.3,56,4,500,47,5,1.65,14433000.0,1,0,0,0,0,0,0,0,1366,768
0,3,13.3,68,4,128,47,5,1.6,11135000.0,0,1,0,0,0,0,0,0,1366,768
2,3,17.3,113,4,1000,66,5,2.8,7995780.0,1,0,0,0,0,0,0,0,1366,768
4,1,15.6,92,16,128,89,5,2.72,18683000.0,1,1,0,0,1000,1,1,3,3840,2160
15,4,13.3,97,8,256,53,5,1.31,27183000.0,0,1,0,0,0,1,0,1,1920,1080
0,3,15.6,113,4,1000,44,2,2.1,5066000.0,1,0,0,0,0,0,0,0,1366,768
4,3,15.6,97,16,256,30,5,2.3,20081590.0,0,1,0,0,0,0,0,1,1920,1080
15,0,15.0,97,16,256,8,5,1.71,30583000.0,0,1,0,0,0,1,0,1,1920,1080
16,3,14.0,68,4,128,47,5,1.75,17340000.0,0,1,0,0,0,0,1,0,1366,768
4,1,15.6,102,8,1000,75,5,2.62,18683000.0,1,0,0,0,0,0,0,1,1920,1080
7,4,12.5,68,4,256,47,5,1.26,21148000.0,0,1,0,0,0,0,0,0,1366,768
2,0,15.6,97,12,2000,72,5,2.3,14263000.0,1,0,0,0,0,1,0,1,1920,1080
10,3,15.6,94,16,512,102,7,2.5,40290000.0,0,1,0,0,0,0,0,3,3840,2160
0,3,14.0,59,4,128,53,5,1.8,10812000.0,0,1,0,0,0,0,1,1,1920,1080
14,1,14.0,102,16,512,79,5,1.95,49283000.0,0,1,0,0,0,0,0,1,1920,1080
2,3,15.6,110,8,128,44,5,2.0,9892300.0,0,1,0,0,0,0,0,0,1920,1080
4,1,17.3,102,32,1000,81,5,4.42,61009600.0,1,1,0,0,1000,0,1,1,1920,1080
2,1,17.3,92,16,256,80,5,4.3,39950000.0,1,1,0,0,1000,0,1,1,1920,1080
16,4,14.0,91,16,512,68,5,1.47,29988000.0,0,1,0,0,0,0,1,1,1920,1080
10,3,15.6,42,8,1000,42,4,2.2,5593000.0,1,0,0,0,0,0,0,0,1366,768
10,4,14.0,97,16,512,53,5,1.7,39083000.0,0,1,0,0,0,0,0,1,1920,1080
11,1,14.0,102,16,256,79,5,1.6,32147000.0,1,1,0,0,1000,0,1,1,1920,1080
11,1,15.6,77,8,128,75,5,2.2,18513000.0,1,1,0,0,1000,0,0,1,1920,1080
10,1,15.6,102,4,1000,75,5,2.4,16983000.0,1,0,0,0,0,0,1,1,1920,1080
0,1,17.3,102,16,256,79,5,4.2,39083000.0,1,1,0,0,1000,0,1,1,1920,1080
4,1,15.6,77,8,256,75,5,2.62,16745000.0,0,1,0,0,0,0,0,1,1920,1080
2,1,15.6,102,8,128,95,5,2.24,22763000.0,1,1,0,0,1000,0,0,1,1920,1080
17,3,14.0,37,4,32,43,5,1.22,3449300.0,0,0,1,0,0,0,0,0,1920,1080
10,0,13.3,97,8,512,53,5,1.37,33490000.0,0,1,0,0,0,1,1,1,1920,1080
10,0,15.6,74,8,256,31,5,2.08,16303000.0,0,1,0,0,0,1,0,1,1920,1080
1,4,12.0,44,8,512,49,3,0.92,19805000.0,0,0,1,0,0,0,1,0,2304,1440
10,0,14.0,74,8,256,53,5,1.42,39610000.0,0,1,0,0,0,1,1,0,2560,1440
2,3,14.0,37,4,32,43,5,1.63,5083000.0,0,0,1,0,0,0,0,0,1366,768
4,3,15.6,74,8,128,53,5,1.95,13770000.0,0,1,0,0,0,0,0,0,1366,768
10,0,13.9,97,8,256,53,5,1.38,22933000.0,0,1,0,0,0,1,1,1,1920,1080
4,3,15.6,56,8,256,23,5,2.0,12563000.0,0,1,0,0,0,0,0,1,1920,1080
7,5,15.6,102,8,256,103,5,3.14,35103300.0,0,1,0,0,0,0,0,1,1920,1080
2,3,15.6,74,8,256,53,5,2.37,18683000.0,0,1,0,0,0,0,0,1,1920,1080
4,4,13.3,74,8,256,53,5,1.29,25483000.0,0,1,0,0,0,0,0,1,1920,1080
4,3,15.6,77,8,256,75,5,2.06,29733000.0,0,1,0,0,0,1,0,3,3840,2160
4,2,11.6,113,4,128,44,5,1.63,12648000.0,0,1,0,0,0,0,0,0,1366,768
7,2,12.5,78,8,256,53,5,1.26,23613000.0,0,1,0,0,0,0,0,0,1366,768
16,3,15.6,68,4,500,47,5,2.1,13260000.0,1,0,0,0,0,0,0,0,1366,768
7,3,15.6,3,8,2000,26,5,2.04,10693000.0,1,0,0,0,0,0,0,0,1366,768
4,1,15.6,102,16,512,76,5,2.62,28543000.0,0,1,0,0,0,0,0,3,3840,2160
10,3,15.6,74,4,1000,65,5,2.4,10353000.0,1,0,0,0,0,0,0,1,1920,1080
7,1,17.3,102,12,1000,37,5,3.74,29733000.0,1,0,0,0,0,0,1,1,1920,1080
11,1,17.3,102,16,512,80,5,2.9,41055000.0,1,1,0,0,1000,0,0,1,1920,1080
15,4,13.3,74,8,256,53,5,0.81,25483000.0,0,1,0,0,0,0,0,1,1920,1080
4,3,15.6,97,8,1000,74,5,1.98,16337000.0,1,0,0,0,0,0,0,1,1920,1080
4,3,15.6,74,8,256,22,5,2.18,13426770.0,0,1,0,0,0,0,0,1,1920,1080
10,4,14.0,97,8,256,53,5,1.32,31603000.0,0,1,0,0,0,0,0,1,1920,1080
14,4,12.5,96,16,512,53,5,1.29,30583000.0,0,1,0,0,0,1,1,3,3840,2160
7,2,11.6,36,4,16,41,1,1.23,6545000.0,0,0,1,0,0,0,0,0,1366,768
4,1,17.3,102,16,128,79,5,4.36,42585340.0,1,1,0,0,1000,0,1,1,1920,1080
4,3,14.0,68,4,500,47,5,1.76,12835000.0,1,0,0,0,0,0,0,0,1366,768
10,3,15.6,56,4,500,47,5,2.1,8328300.0,1,0,0,0,0,0,0,0,1366,768
16,4,14.0,74,4,128,53,5,1.25,18530000.0,0,1,0,0,0,0,0,0,1366,768
10,4,14.0,97,8,512,53,5,1.13,42483000.0,0,1,0,0,0,0,1,1,1920,1080
11,1,15.6,77,8,256,75,5,2.4,20383000.0,0,1,0,0,0,0,0,1,1920,1080
10,4,14.0,74,8,256,53,5,1.13,31875000.0,0,0,1,0,0,0,1,1,1920,1080
16,3,14.0,108,4,128,45,5,1.75,8483000.0,0,1,0,0,0,0,0,0,1366,768
2,0,13.3,74,8,256,53,5,1.1,23086000.0,0,1,0,0,0,1,0,1,1920,1080
4,3,14.0,56,4,500,47,5,1.76,9945000.0,1,0,0,0,0,0,0,0,1366,768
0,2,11.6,36,4,32,41,1,1.35,6035000.0,0,0,1,0,0,0,1,0,1366,768
0,3,14.0,59,8,128,53,5,1.5,10523000.0,0,1,0,0,0,0,1,1,1920,1080
14,1,17.3,103,32,512,82,5,3.49,93483000.0,0,1,0,0,0,1,0,3,3840,2160
10,4,14.0,91,16,512,47,5,1.1,35683000.0,0,1,0,0,0,0,1,2,2560,1440
2,3,15.6,74,4,1000,64,2,2.1,8823000.0,1,0,0,0,0,0,0,1,1920,1080
10,3,14.0,68,8,256,47,5,1.7,20162000.0,0,1,0,0,0,0,0,1,1920,1080
10,3,14.0,78,8,256,53,5,1.32,28050000.0,0,1,0,0,0,0,1,1,1920,1080
4,1,15.6,102,16,256,80,5,3.21,47168710.0,1,1,0,0,1000,0,0,1,1920,1080
2,1,17.3,102,16,256,80,5,2.9,41123000.0,1,1,0,0,1000,0,0,1,1920,1080
16,3,15.6,59,4,500,53,5,2.0,11373000.0,1,0,0,0,0,0,0,0,1366,768
10,3,14.0,40,4,16,41,1,1.5,5525000.0,0,0,1,0,0,0,0,0,1366,768
2,3,15.6,74,8,128,53,5,2.3,10030000.0,1,0,0,0,0,0,0,1,1920,1080
2,1,17.3,92,16,512,79,5,2.73,30583000.0,1,1,0,0,1000,0,0,1,1920,1080
4,1,17.3,102,32,512,80,5,4.42,52239130.0,1,1,0,0,1000,0,1,1,1920,1080
7,3,17.3,74,8,1000,69,5,2.63,15470000.0,1,0,0,0,0,0,0,0,1600,900
4,3,15.6,74,8,128,53,5,2.18,12137830.0,0,1,0,0,0,0,0,0,1366,768
7,4,14.0,89,8,512,47,7,1.54,31790000.0,0,1,0,0,0,0,0,1,1920,1080
4,3,15.6,97,4,256,22,5,2.18,12563000.0,0,1,0,0,0,0,0,1,1920,1080
7,0,11.6,37,4,32,43,1,1.4,10455000.0,0,0,1,0,0,1,0,0,1366,768
2,4,13.3,68,8,512,71,5,1.45,17442000.0,0,1,0,0,0,0,1,1,1920,1080
7,0,13.3,74,8,256,53,5,1.28,38709000.0,0,1,0,0,0,1,0,1,1920,1080
7,4,14.0,89,8,512,47,5,1.54,24956000.0,0,1,0,0,0,0,0,1,1920,1080
7,3,15.6,36,4,128,41,4,1.86,5083000.0,0,1,0,0,0,0,0,0,1366,768
2,1,15.6,102,16,128,79,5,2.1,32283000.0,1,1,0,0,1000,0,0,1,1920,1080
4,3,17.3,97,8,1000,30,2,2.83,14705000.0,1,0,0,0,0,0,0,1,1920,1080
10,4,14.0,102,8,256,74,5,1.96,32351000.0,0,1,0,0,0,0,1,1,1920,1080
2,3,15.6,97,8,256,83,5,2.3,13379000.0,0,1,0,0,0,0,1,1,1920,1080
4,3,15.6,74,8,128,53,5,1.9,16065000.0,0,1,0,0,0,0,0,1,1920,1080
2,3,15.6,113,4,1000,44,5,2.0,7633000.0,1,0,0,0,0,0,0,0,1366,768
7,0,13.3,99,8,256,53,5,1.28,43503000.0,0,1,0,0,0,1,0,1,1920,1080
4,3,13.3,68,8,1000,47,5,1.62,11033000.0,1,0,0,0,0,1,0,1,1920,1080
10,3,15.6,54,4,1000,47,4,2.2,7973000.0,1,0,0,0,0,0,0,1,1920,1080
10,3,15.6,74,8,1000,53,5,2.3,14461220.0,1,0,0,0,0,0,1,1,1920,1080
7,3,15.6,78,8,256,32,5,1.84,22933000.0,0,1,0,0,0,0,0,1,1920,1080
16,3,13.3,74,4,128,53,5,1.05,21845000.0,0,1,0,0,0,0,0,1,1920,1080
10,1,15.6,77,8,1000,75,4,2.5,17289000.0,1,0,0,0,0,0,1,1,1920,1080
4,4,13.3,100,16,512,58,5,1.29,38080000.0,0,1,0,0,0,1,0,2,3200,1800
7,3,15.6,68,4,500,47,5,2.07,15470000.0,1,0,0,0,0,0,0,1,1920,1080
16,4,13.3,68,8,256,47,5,1.2,18615000.0,0,1,0,0,0,0,0,0,1366,768
10,0,13.3,97,8,256,53,5,1.37,33150000.0,0,1,0,0,0,1,1,1,1920,1080
0,3,14.0,74,8,256,53,5,1.56,15334000.0,0,1,0,0,0,0,1,1,1920,1080
4,5,15.6,102,8,1000,108,5,2.23,30226000.0,1,0,0,0,0,0,0,1,1920,1080
10,3,15.6,74,4,500,53,5,2.38,17935000.0,1,0,0,0,0,0,0,0,1366,768
10,3,15.6,56,4,1000,24,4,2.2,8143000.0,1,0,0,0,0,0,0,1,1920,1080
16,3,15.6,97,8,256,53,5,2.0,23596000.0,0,1,0,0,0,0,1,1,1920,1080
10,3,13.3,59,4,180,53,5,1.44,12495000.0,0,1,0,0,0,0,1,1,1920,1080
15,4,15.0,97,16,256,72,5,1.23,31433000.0,0,1,0,0,0,0,0,1,1920,1080
4,4,12.5,99,8,256,53,5,1.6,28730000.0,0,1,0,0,0,0,0,1,1920,1080
2,3,15.6,113,4,1000,44,2,2.0,6782830.0,1,0,0,0,0,0,0,0,1366,768
18,4,13.3,68,8,256,72,5,1.28,15895000.0,0,1,0,0,0,0,1,1,1920,1080
4,3,15.6,74,4,128,72,5,2.18,15512500.0,1,1,0,0,1000,0,0,1,1920,1080
7,3,15.6,74,4,256,53,5,2.04,14263000.0,0,1,0,0,0,0,0,1,1920,1080
7,0,13.3,74,4,256,53,5,1.28,28900000.0,0,1,0,0,0,1,0,1,1920,1080
7,0,15.6,74,4,500,53,5,2.3,11641600.0,1,0,0,0,0,1,0,0,1366,768
2,3,14.1,37,4,32,43,5,1.65,5916000.0,0,0,1,0,0,0,0,0,1366,768
10,3,15.6,89,8,1000,72,5,2.2,11373000.0,1,0,0,0,0,0,1,1,1920,1080
4,3,15.6,112,4,500,40,5,2.2,6273000.0,1,0,0,0,0,0,0,0,1366,768
7,0,13.3,74,4,256,53,5,1.28,30583000.0,0,1,0,0,0,1,0,1,1920,1080
4,3,15.6,54,4,1000,23,2,2.18,7746900.0,1,0,0,0,0,0,0,0,1366,768
2,1,17.3,77,12,128,75,5,2.2,23288300.0,1,1,0,0,1000,0,0,1,1920,1080
0,2,11.6,36,4,32,41,1,1.25,5049000.0,0,0,1,0,0,0,1,0,1366,768
10,3,17.3,6,4,500,14,5,2.8,6443000.0,1,0,0,0,0,0,0,0,1600,900
7,3,14.0,74,4,128,53,5,1.95,21505000.0,0,1,0,0,0,0,0,1,1920,1080
7,0,13.3,97,16,256,53,5,1.42,23783000.0,0,1,0,0,0,1,0,2,3200,1800
15,4,15.0,97,8,256,53,5,1.17,28883000.0,0,1,0,0,0,0,0,1,1920,1080
10,4,14.0,74,8,256,53,5,1.32,30583000.0,0,1,0,0,0,0,1,1,1920,1080
11,1,17.3,92,16,512,79,5,2.43,45033000.0,1,1,0,0,2000,0,1,3,3840,2160
16,3,13.3,74,8,256,53,5,1.05,25075000.0,0,1,0,0,0,0,0,1,1920,1080
4,1,15.6,102,8,1000,78,2,2.62,15793000.0,1,0,0,0,0,0,0,1,1920,1080
7,3,15.6,97,8,1000,69,5,2.04,15300000.0,1,0,0,0,0,0,0,1,1920,1080
4,3,15.6,54,4,1000,23,5,2.18,10438000.0,1,0,0,0,0,0,0,0,1366,768
4,3,15.6,78,8,500,53,5,1.9,15895000.0,1,0,0,0,0,0,0,1,1920,1080
4,0,13.3,105,8,512,52,5,1.24,34222700.0,0,1,0,0,0,1,0,2,3200,1800
2,1,17.3,93,32,256,93,5,3.58,21743000.0,0,1,0,0,256,0,1,1,1920,1080
4,0,13.3,105,16,256,52,5,1.22,28033000.0,0,1,0,0,0,1,0,1,1920,1080
10,4,14.0,97,8,256,53,5,1.13,34833000.0,0,0,1,0,0,0,1,1,1920,1080
10,3,15.6,74,8,512,53,5,1.95,33370830.0,0,1,0,0,0,0,1,1,1920,1080
9,4,15.6,97,16,512,53,5,1.08,35683000.0,0,1,0,0,0,1,1,1,1920,1080
7,2,12.5,97,8,512,53,5,1.26,25211000.0,0,1,0,0,0,0,0,1,1920,1080
0,3,15.6,32,4,16,40,1,2.2,6103000.0,0,0,1,0,0,0,1,1,1920,1080
10,3,15.6,70,8,128,89,5,2.6,13413000.0,1,1,0,0,1000,0,1,1,1920,1080
9,4,14.0,97,8,512,53,5,0.98,32283000.0,0,1,0,0,0,1,1,1,1920,1080
4,3,14.0,79,8,256,53,5,1.6,20485000.0,0,1,0,0,0,0,0,1,1920,1080
7,4,12.5,47,8,240,46,5,1.09,52700000.0,0,1,0,0,0,1,0,3,3840,2160
10,3,15.6,97,6,256,72,5,2.2,13413000.0,0,1,0,0,0,0,0,1,1920,1080
7,3,15.6,97,8,256,69,5,2.04,17322830.0,0,1,0,0,0,0,0,1,1920,1080
0,3,15.6,59,4,1000,53,5,2.4,8483000.0,1,0,0,0,0,0,0,1,1920,1080
10,3,13.3,74,4,128,53,5,1.44,14977000.0,0,1,0,0,0,0,0,1,1920,1080
7,3,13.3,74,8,256,53,5,1.49,16320000.0,0,1,0,0,0,0,0,1,1920,1080
11,1,17.3,102,16,256,76,5,2.7,27183000.0,1,1,0,0,1000,0,0,1,1920,1080
4,1,15.6,102,16,128,76,5,2.6,22933000.0,1,1,0,0,1000,0,0,1,1920,1080
11,1,15.6,77,8,128,75,5,2.2,19038470.0,1,1,0,0,1000,0,0,1,1920,1080
4,3,15.6,74,4,1000,22,5,2.18,11644830.0,1,0,0,0,0,0,0,0,1366,768
7,4,15.6,89,8,256,28,5,1.84,22048830.0,0,1,0,0,0,0,0,1,1920,1080
7,4,13.3,97,8,256,53,5,1.39,19533000.0,0,1,0,0,0,1,0,2,3200,1800
16,3,15.6,91,16,256,68,5,2.4,33575000.0,0,1,0,0,0,0,1,1,1920,1080
10,0,13.3,74,8,512,53,5,1.37,31025000.0,0,1,0,0,0,1,1,1,1920,1080
4,3,15.6,68,4,500,47,5,1.95,12408300.0,1,0,0,0,0,0,0,0,1366,768
10,4,12.5,97,8,256,53,5,1.36,28050000.0,0,1,0,0,0,0,1,1,1920,1080
7,3,15.6,68,8,256,47,5,2.31,19805000.0,0,1,0,0,0,0,0,1,1920,1080
4,3,15.6,74,4,1000,53,5,2.18,12037020.0,1,0,0,0,0,0,0,0,1366,768
7,3,14.0,68,4,500,47,5,1.95,19533000.0,1,0,0,0,0,0,0,0,1366,768
10,3,15.6,113,4,1000,44,5,2.2,5253000.0,1,0,0,0,0,0,0,0,1366,768
7,4,12.5,68,4,500,47,5,1.26,26843000.0,1,0,0,0,0,0,0,1,1920,1080
7,3,15.6,36,4,1000,41,4,1.86,4911300.0,1,0,0,0,0,0,0,0,1366,768
10,0,13.3,90,16,1000,56,5,1.3,30583000.0,0,1,0,0,0,1,1,2,3200,1800
16,3,14.0,68,4,128,47,5,1.47,18785000.0,0,1,0,0,0,0,1,1,1920,1080
7,2,12.5,68,8,256,47,5,1.26,28373000.0,0,1,0,0,0,0,0,1,1920,1080
4,3,15.6,54,4,1000,47,5,2.18,9496200.0,1,0,0,0,0,0,0,0,1366,768
11,1,15.6,102,8,128,75,5,2.2,20383000.0,1,1,0,0,1000,0,0,1,1920,1080
4,4,14.0,74,8,256,53,5,1.36,27863000.0,0,1,0,0,0,0,0,1,1920,1080
4,1,17.3,93,16,512,82,5,4.36,46886000.0,1,1,0,0,1000,0,0,0,2560,1440
7,1,17.3,70,8,128,90,5,2.75,23783000.0,1,1,0,0,1000,0,1,1,1920,1080
2,3,17.3,112,4,1000,66,5,2.8,9010000.0,1,0,0,0,0,0,0,0,1600,900
0,3,15.6,74,4,500,53,5,2.23,10523000.0,1,0,0,0,0,0,0,0,1366,768
16,3,15.6,68,8,256,47,5,2.2,19023000.0,0,1,0,0,0,0,0,0,1366,768
10,0,11.3,53,8,256,46,5,1.1,22083000.0,0,1,0,0,0,1,1,1,1920,1080
10,1,15.6,23,16,512,33,5,2.5,16983000.0,1,1,0,0,1000,0,1,1,1920,1080
4,4,12.5,74,8,256,40,5,1.36,25027400.0,0,1,0,0,0,1,0,1,1920,1080
10,3,15.6,97,8,1000,66,4,2.2,11645000.0,1,0,0,0,0,0,0,1,1920,1080
4,3,17.3,54,4,1000,30,5,2.36,11203000.0,1,0,0,0,0,0,0,0,1600,900
0,3,14.0,36,4,32,41,1,1.68,5933000.0,0,0,1,0,0,0,0,0,1366,768
7,5,15.6,94,8,8,100,5,2.0,38233000.0,0,1,0,0,0,0,1,1,1920,1080
4,4,14.0,99,8,256,53,5,1.36,30175000.0,0,1,0,0,0,0,0,1,1920,1080
16,3,13.3,68,8,256,47,7,1.2,24820000.0,0,1,0,0,0,0,0,1,1920,1080
2,0,12.5,50,8,64,46,1,1.2,19703000.0,0,0,1,0,0,0,0,1,1920,1080
10,4,14.0,91,8,256,47,5,1.7,25312830.0,0,1,0,0,0,0,1,1,1920,1080
4,1,17.3,102,16,512,80,5,4.36,53618000.0,1,1,0,0,1000,0,1,3,3840,2160
4,0,13.3,81,8,256,52,5,1.24,32283000.0,0,1,0,0,0,1,0,1,1920,1080
7,0,11.6,113,4,256,44,5,1.45,13175000.0,0,1,0,0,0,1,0,0,1366,768
4,4,13.3,89,8,256,47,5,1.3,21556000.0,0,1,0,0,0,0,0,2,3200,1800
0,0,11.6,36,4,32,41,1,1.25,6613000.0,0,0,1,0,0,1,1,0,1366,768
16,3,13.3,71,8,256,47,5,1.2,26095000.0,0,1,0,0,0,0,0,1,1920,1080
10,4,12.5,78,8,256,53,5,1.36,29920000.0,0,1,0,0,0,0,1,1,1920,1080
0,3,15.6,74,12,128,86,5,2.4,17153000.0,1,1,0,0,1000,0,0,1,1920,1080
16,4,12.5,97,8,512,53,5,1.1,30430000.0,0,1,0,0,0,1,0,1,1920,1080
7,3,15.6,73,8,1000,69,5,2.04,14390500.0,1,0,0,0,0,0,0,0,1366,768
4,3,15.6,54,4,1000,24,2,2.25,7915540.0,1,0,0,0,0,0,0,0,1366,768
4,3,15.6,74,4,500,53,5,1.9,14025000.0,1,0,0,0,0,0,0,0,1366,768
7,3,15.6,59,4,500,53,5,2.04,11645000.0,1,0,0,0,0,0,0,1,1920,1080
4,1,17.3,102,32,256,80,5,4.42,53533000.0,1,1,0,0,1000,0,1,1,1920,1080
10,3,15.6,74,6,256,66,5,2.4,11815000.0,0,1,0,0,0,0,0,1,1920,1080
4,0,13.3,105,16,512,52,5,1.22,32283000.0,0,1,0,0,0,1,0,2,3200,1800
4,4,14.0,91,8,256,47,5,1.5,33370660.0,0,1,0,0,0,1,0,0,2560,1440
4,1,17.3,92,32,256,80,5,4.42,47600000.0,1,1,0,0,1000,0,0,1,1920,1080
16,3,14.0,68,8,256,47,5,1.95,20060000.0,0,1,0,0,0,0,0,1,1920,1080
2,1,17.3,102,16,256,79,5,2.73,34848300.0,1,1,0,0,1000,0,0,1,1920,1080
7,3,15.6,75,8,128,69,5,2.04,16643000.0,1,1,0,0,1000,0,1,1,1920,1080
10,3,14.0,68,4,508,47,7,1.7,17034000.0,0,0,0,1,0,0,0,0,1366,768
2,0,15.6,97,16,512,86,5,2.3,30583000.0,1,1,0,0,2000,1,0,3,3840,2160
7,3,15.6,97,6,1000,53,5,2.04,9843000.0,1,0,0,0,0,0,0,0,1366,768
2,1,17.3,102,16,256,76,5,2.99,29733000.0,1,1,0,0,1000,0,0,1,1920,1080
4,0,15.6,97,12,512,53,5,2.19,22083000.0,0,1,0,0,0,1,1,1,1920,1080
16,3,13.3,68,4,128,47,7,1.2,20315000.0,0,1,0,0,0,0,0,1,1920,1080
10,3,15.6,5,6,256,7,5,2.2,9333000.0,0,1,0,0,0,0,0,1,1920,1080
5,3,15.6,68,4,256,47,5,2.3,11033000.0,0,1,0,0,0,0,0,0,1366,768
16,3,14.0,68,4,500,47,5,1.75,15555000.0,1,0,0,0,0,0,0,0,1366,768
4,3,15.6,74,4,500,24,5,2.25,10183000.0,1,0,0,0,0,0,0,0,1366,768
7,3,15.6,74,8,1000,53,5,2.04,13702000.0,1,0,0,0,0,0,0,1,1920,1080
10,1,15.6,102,8,128,79,5,2.5,20213000.0,1,1,0,0,1000,0,1,1,1920,1080
4,3,15.6,97,8,1000,30,5,2.36,12733000.0,1,0,0,0,0,0,0,0,1366,768
4,3,14.0,74,8,128,54,5,1.6,19023000.0,0,1,0,0,0,0,0,1,1920,1080
7,2,12.5,47,8,512,46,5,0.97,32436000.0,0,1,0,0,0,0,0,1,1920,1080
7,3,15.6,56,4,128,6,5,2.1,8483000.0,1,1,0,0,1000,0,0,1,1920,1080
10,3,15.6,37,4,128,43,4,1.9,4600540.0,0,1,0,0,0,0,0,0,1366,768
10,3,15.6,68,8,256,47,5,2.3,22933000.0,0,1,0,0,0,0,0,1,1920,1080
4,0,13.3,74,8,256,53,5,1.68,15113000.0,0,1,0,0,0,1,0,1,1920,1080
2,3,13.3,74,8,256,53,5,1.4,19550000.0,0,1,0,0,0,0,0,2,3200,1800
7,4,13.3,97,8,256,53,5,1.11,22933000.0,0,1,0,0,0,1,1,1,1920,1080
0,3,15.6,113,4,500,44,5,2.4,6460000.0,1,0,0,0,0,0,0,0,1366,768
2,1,15.6,102,16,256,76,5,2.5,30583000.0,1,1,0,0,1000,0,0,1,1920,1080
7,4,14.0,97,8,512,53,5,1.48,35513000.0,0,1,0,0,0,0,0,1,1920,1080
0,1,15.6,102,8,128,75,5,2.7,21420000.0,1,1,0,0,1000,0,1,1,1920,1080
7,3,13.3,74,8,256,53,5,1.34,20213000.0,0,1,0,0,0,0,1,1,1920,1080
4,3,15.6,59,4,128,53,5,2.18,9299000.0,0,1,0,0,0,0,0,0,1366,768
7,3,14.0,74,4,500,53,5,1.64,13243000.0,1,0,0,0,0,0,0,0,1366,768
16,3,13.3,68,4,128,47,5,1.2,20315000.0,0,1,0,0,0,0,0,1,1920,1080
7,3,14.0,71,4,256,47,5,1.48,18699830.0,0,1,0,0,0,0,0,0,1366,768
7,3,14.0,74,4,256,53,5,1.95,20485000.0,0,1,0,0,0,0,0,1,1920,1080
7,4,14.0,91,8,256,47,7,1.43,24633000.0,0,1,0,0,0,0,0,1,1920,1080
7,3,14.0,74,8,256,69,5,1.64,17837420.0,0,1,0,0,0,0,0,1,1920,1080
7,3,14.0,59,4,500,53,5,1.64,11628000.0,1,0,0,0,0,0,0,0,1366,768
4,1,15.6,77,8,1000,75,5,2.65,16133000.0,0,0,0,1,0,0,0,1,1920,1080
7,4,12.5,74,4,500,53,5,1.26,26163000.0,1,0,0,0,0,0,0,1,1920,1080
7,3,14.0,74,4,256,53,5,1.48,27030000.0,0,1,0,0,0,0,0,1,1920,1080
7,4,14.0,89,8,256,47,5,1.54,32082570.0,0,1,0,0,0,0,0,1,1920,1080
7,3,13.3,59,4,500,53,5,1.49,13600000.0,1,0,0,0,0,0,0,0,1366,768
16,3,13.3,68,8,256,47,5,1.5,20570000.0,0,1,0,0,0,0,0,0,1366,768
7,3,15.6,59,4,256,53,5,2.04,13089830.0,0,1,0,0,0,0,0,0,1366,768
10,3,17.3,94,16,512,99,7,2.4,50456000.0,0,1,0,0,0,0,1,3,3840,2160
16,3,14.0,68,8,256,47,5,1.47,25330000.0,0,1,0,0,0,0,1,1,1920,1080
7,3,14.0,89,8,256,47,5,1.43,37893000.0,0,1,0,0,0,0,0,1,1920,1080
4,0,15.6,58,4,1000,47,5,2.08,13531830.0,1,0,0,0,0,1,1,1,1920,1080
16,4,13.3,68,8,256,47,5,1.2,27030000.0,0,1,0,0,0,0,0,1,1920,1080
7,3,13.3,74,8,256,53,5,1.11,19533000.0,0,1,0,0,0,0,1,1,1920,1080
7,3,14.0,97,8,256,69,5,1.64,20152310.0,0,1,0,0,0,0,0,1,1920,1080
4,3,15.6,71,8,500,47,5,2.09,17789480.0,1,0,0,0,0,0,0,1,1920,1080
7,4,12.5,74,4,256,53,5,1.26,26503000.0,0,1,0,0,0,0,0,0,1366,768
7,3,14.0,74,4,500,53,5,2.31,20213000.0,1,0,0,0,0,0,0,0,1366,768
7,3,14.0,74,4,500,53,5,1.95,18020000.0,1,0,0,0,0,0,0,0,1366,768
4,4,13.3,74,8,256,53,5,1.29,27608000.0,0,1,0,0,0,1,0,2,3200,1800
7,3,17.3,74,8,256,69,5,2.63,18360000.0,0,1,0,0,0,0,0,1,1920,1080
7,3,14.0,74,4,256,53,5,1.64,16541000.0,0,1,0,0,0,0,0,0,1366,768
0,3,15.6,14,6,1000,17,5,2.1,6953000.0,1,0,0,0,0,0,0,0,1366,768
11,1,17.3,102,8,128,75,5,2.7,20260600.0,1,1,0,0,1000,0,0,1,1920,1080
7,3,14.0,68,8,256,47,7,1.95,20315000.0,0,1,0,0,0,0,0,1,1920,1080
7,3,15.6,89,8,256,47,5,1.84,20892830.0,0,1,0,0,0,0,0,1,1920,1080
7,4,12.5,89,8,256,47,5,1.26,22933000.0,0,1,0,0,0,0,0,1,1920,1080
7,3,15.6,74,4,500,53,5,2.04,12614000.0,1,0,0,0,0,0,0,0,1366,768
16,4,14.0,91,8,256,47,5,1.47,29325000.0,0,1,0,0,0,0,1,1,1920,1080
4,3,15.6,71,8,256,47,7,2.09,18070150.0,0,1,0,0,0,0,0,1,1920,1080
7,3,14.0,74,8,256,53,5,1.64,17178670.0,0,1,0,0,0,0,0,1,1920,1080
10,0,15.6,89,4,256,47,5,1.8,14399000.0,0,1,0,0,0,1,1,1,1920,1080
17,3,14.0,27,2,32,41,5,1.45,3583600.0,0,0,1,0,0,0,0,0,1366,768
16,3,15.6,89,16,256,68,5,2.4,24225000.0,0,1,0,0,0,0,1,1,1920,1080
10,3,15.6,68,8,256,47,5,2.3,17843200.0,0,1,0,0,0,0,0,1,1920,1080
7,3,14.0,68,4,500,47,5,1.54,17000000.0,1,0,0,0,0,0,0,1,1920,1080
7,3,15.6,71,8,256,47,5,1.84,35756780.0,1,1,0,0,500,0,0,1,1920,1080
7,3,14.0,68,8,256,47,7,1.43,24973000.0,0,1,0,0,0,0,0,1,1920,1080
11,1,17.3,93,16,256,93,5,3.78,26275880.0,1,1,0,0,1000,0,1,1,1920,1080
10,1,17.3,92,16,128,93,5,4.6,38929830.0,1,1,0,0,1000,0,1,1,1920,1080
2,2,11.6,36,4,16,41,1,1.2,4894300.0,0,0,1,0,0,0,0,0,1366,768
10,3,14.0,91,16,256,47,7,1.1,44540000.0,0,1,0,0,0,0,1,0,2560,1440
7,3,15.6,97,8,1000,72,5,1.91,16643000.0,1,0,0,0,0,0,1,1,1920,1080
4,0,15.6,76,8,256,53,5,2.3,18598000.0,0,1,0,0,0,1,1,1,1920,1080
7,3,15.6,74,4,256,53,5,2.04,16643000.0,0,1,0,0,0,0,0,0,1366,768
4,4,13.3,97,16,1000,53,5,1.2,38318000.0,0,1,0,0,0,1,0,2,3200,1800
7,3,15.6,58,4,500,47,5,2.31,11987550.0,1,0,0,0,0,0,0,0,1366,768
7,3,15.6,74,4,500,53,4,1.96,8483000.0,1,0,0,0,0,0,0,0,1366,768
0,3,15.6,11,8,1000,17,5,2.4,7633000.0,1,0,0,0,0,0,0,0,1366,768
4,0,13.3,97,12,256,53,5,1.6,22083000.0,0,1,0,0,0,1,1,1,1920,1080
11,1,15.6,92,16,256,79,5,2.94,30923000.0,1,1,0,0,1000,0,0,1,1920,1080
7,3,15.6,97,8,256,53,5,2.04,18190000.0,0,1,0,0,0,0,0,1,1920,1080
2,1,17.3,92,16,1000,90,4,4.0,16966000.0,1,0,0,0,0,0,1,1,1920,1080
4,3,15.6,74,4,1000,40,5,2.25,9503000.0,1,0,0,0,0,0,0,1,1920,1080
4,3,15.6,97,16,2000,30,5,2.32,16829830.0,1,0,0,0,0,0,0,1,1920,1080
11,1,15.6,92,16,256,79,5,1.8,32793000.0,1,1,0,0,1000,0,0,1,1920,1080
4,4,13.3,97,8,256,53,5,1.29,24786000.0,0,1,0,0,0,0,0,1,1920,1080
2,1,17.3,93,64,1000,92,5,3.58,67575000.0,0,1,0,0,0,0,1,1,1920,1080
4,0,13.3,89,8,256,47,5,1.62,13566170.0,0,1,0,0,0,1,0,1,1920,1080
4,1,15.6,92,16,256,91,5,3.21,22593000.0,1,1,0,0,1000,0,0,3,3840,2160
1,4,12.0,43,8,256,46,3,0.92,22100000.0,0,0,1,0,0,0,1,0,2304,1440
4,3,15.6,58,4,500,47,5,2.06,8193660.0,1,0,0,0,0,0,0,0,1366,768
7,3,15.6,68,4,500,47,5,2.31,20383000.0,1,0,0,0,0,0,0,0,1366,768
7,4,12.5,68,8,256,47,7,1.26,20383000.0,0,1,0,0,0,0,0,1,1920,1080
7,3,13.3,97,8,256,53,5,1.49,18530000.0,0,1,0,0,0,0,0,1,1920,1080
10,4,12.5,89,8,256,47,5,1.3,29129330.0,0,1,0,0,0,1,1,1,1920,1080
10,3,17.3,68,8,1000,21,5,3.0,11203000.0,1,0,0,0,0,0,0,0,1600,900
10,3,15.6,70,4,1000,86,5,2.3,16609000.0,1,0,0,0,0,0,1,1,1920,1080
11,1,17.3,102,16,256,80,5,3.78,42483000.0,1,1,0,0,1000,0,0,1,1920,1080
10,3,15.6,68,4,500,47,5,2.1,9180000.0,1,0,0,0,0,0,0,0,1366,768
7,3,15.6,68,4,500,47,7,2.31,15980000.0,1,0,0,0,0,0,0,1,1920,1080
10,4,12.5,47,8,512,46,5,0.99,23783000.0,0,1,0,0,0,1,1,0,2560,1440
10,1,17.3,93,32,512,93,5,4.6,55080000.0,0,1,0,1,1000,0,1,1,1920,1080
10,0,10.1,31,4,64,41,5,0.69,10986590.0,0,0,1,0,0,1,1,0,1920,1200
7,4,13.3,97,16,512,53,5,1.3,34833000.0,0,1,0,0,0,0,1,3,3840,2160
4,3,15.6,74,8,256,53,5,2.18,12750000.0,0,1,0,0,0,0,0,1,1920,1080
7,3,14.0,68,4,500,47,7,1.54,17526830.0,1,0,0,0,0,0,0,1,1920,1080
7,5,15.6,89,8,256,0,7,1.9,25415000.0,0,1,0,0,0,0,0,1,1920,1080
10,3,14.0,68,8,180,47,7,1.7,20383000.0,0,1,0,0,0,0,0,1,1920,1080
7,3,13.3,109,4,32,46,1,1.29,10455000.0,0,0,1,0,0,0,0,2,3200,1800
0,3,15.6,11,4,500,17,5,2.4,6579000.0,1,0,0,0,0,0,0,0,1366,768
4,3,15.6,111,4,500,40,2,2.2,6689330.0,1,0,0,0,0,0,0,0,1366,768
7,3,15.6,56,4,1000,47,4,1.86,5881830.0,1,0,0,0,0,0,0,0,1366,768
2,1,17.3,102,8,256,79,5,2.7,27183000.0,1,1,0,0,1000,0,1,1,1920,1080
4,4,13.3,83,4,256,7,5,1.4,13911950.0,0,1,0,0,0,0,1,1,1920,1080
7,2,12.5,68,4,128,47,7,2.4,27183000.0,0,1,0,0,0,0,0,0,1366,768
0,3,15.6,74,8,256,86,5,2.4,13583000.0,1,1,0,0,1000,0,0,1,1920,1080
4,3,15.6,74,8,1000,30,5,2.36,10859600.0,1,0,0,0,0,0,0,1,1920,1080
11,1,17.3,92,8,256,90,5,2.6,27183000.0,0,1,0,0,0,0,0,1,1920,1080
7,3,15.6,112,4,1000,42,5,1.96,8500000.0,1,0,0,0,0,0,0,0,1366,768
2,1,17.3,92,16,128,93,5,4.3,39083000.0,1,1,0,0,1000,0,1,1,1920,1080
4,4,12.5,58,4,500,47,7,1.5,19297550.0,1,0,0,0,0,0,0,0,1366,768
4,4,12.5,58,4,128,47,7,1.5,19838490.0,0,1,0,0,0,0,0,0,1366,768
0,3,15.6,32,4,16,40,1,2.2,3553000.0,0,1,0,0,0,0,0,0,1366,768
7,5,17.3,92,8,1000,3,7,3.0,49283000.0,1,0,0,0,0,0,1,1,1920,1080
10,1,15.6,102,16,512,76,5,2.4,20383000.0,0,1,0,0,0,0,0,1,1920,1080
4,4,12.5,68,8,256,47,7,1.5,24022700.0,0,1,0,0,0,0,0,0,1366,768
11,1,17.3,92,8,128,89,5,2.9,25690230.0,1,1,0,0,1000,0,0,1,1920,1080
10,0,15.6,68,4,256,47,5,2.1,14739000.0,0,1,0,0,0,1,1,1,1920,1080
7,3,15.6,8,4,1000,15,5,2.1,6766000.0,1,0,0,0,0,0,0,1,1920,1080
2,1,15.6,92,16,128,89,5,2.59,22763000.0,1,1,0,0,1000,0,1,1,1920,1080
7,3,13.3,46,8,256,46,5,1.16,28883000.0,0,1,0,0,0,1,0,2,3200,1800
4,3,15.6,68,4,500,20,7,2.24,13075550.0,1,0,0,0,0,0,0,0,1366,768
10,3,15.6,54,4,128,47,5,2.1,7293000.0,0,1,0,0,0,0,0,0,1366,768
7,4,13.3,89,8,512,47,5,1.16,33473000.0,0,1,0,0,0,0,0,1,1920,1080
10,0,10.1,31,4,64,41,0,0.69,9333000.0,0,0,1,0,0,1,1,0,1920,1200
4,4,13.3,98,8,256,58,5,1.23,23443000.0,0,1,0,0,0,0,0,1,1920,1080
10,1,17.3,93,16,256,93,5,4.6,46749830.0,0,1,0,1,1000,0,1,1,1920,1080
14,4,12.5,89,8,256,47,5,1.25,17493000.0,0,1,0,0,0,1,0,3,3840,2160
16,4,13.3,97,16,512,53,5,1.05,37842000.0,0,1,0,0,0,0,0,1,1920,1080
2,1,17.3,92,8,128,89,5,3.52,22312330.0,1,1,0,0,1000,0,0,1,1920,1080
17,3,13.3,27,4,32,41,5,1.35,3332000.0,0,0,1,0,0,0,0,1,1920,1080
7,3,13.3,68,8,256,47,5,1.16,28730000.0,0,1,0,0,0,0,0,1,1920,1080
7,3,14.0,68,8,256,47,7,1.43,25721000.0,0,1,0,0,0,0,0,1,1920,1080
4,3,15.6,68,4,500,47,2,2.09,8901710.0,1,0,0,0,0,0,0,0,1366,768
2,3,15.6,59,4,1000,53,5,2.0,7395000.0,1,0,0,0,0,0,0,0,1366,768
10,0,14.0,89,8,256,47,5,1.8,28373000.0,0,1,0,0,0,1,1,1,1920,1080
10,0,10.1,31,4,64,41,5,0.69,8143000.0,0,0,1,0,0,1,1,0,1920,1200
7,4,12.5,71,8,256,47,7,1.26,32215000.0,0,1,0,0,0,0,0,0,1366,768
10,1,15.6,77,8,128,79,4,2.4,16813000.0,1,1,0,0,1000,0,1,1,1920,1080
7,1,17.3,70,8,128,79,5,3.35,19193000.0,1,1,0,0,1000,0,1,1,1920,1080
7,3,15.6,97,8,2000,53,5,2.04,10693000.0,1,0,0,0,0,0,0,0,1366,768
10,0,14.0,91,8,512,106,7,1.8,34856460.0,0,1,0,0,0,1,1,1,1920,1080
2,3,14.0,37,4,32,43,5,1.5,4726000.0,0,0,1,0,0,0,0,0,1366,768
7,4,15.6,97,8,256,53,5,1.84,12784000.0,0,1,0,0,0,0,0,1,1920,1080
0,3,15.6,74,4,1000,72,5,2.23,10472000.0,1,0,0,0,0,0,0,1,1920,1080
10,3,15.6,89,16,1000,27,5,2.5,18683000.0,0,0,0,1,0,0,0,1,1920,1080
7,5,17.3,92,8,256,105,7,3.0,67139800.0,0,1,0,0,0,0,1,1,1920,1080
4,3,15.6,74,8,1000,30,5,2.5,13328000.0,1,0,0,0,0,0,0,0,1366,768
11,1,17.3,94,16,256,93,5,3.78,40783000.0,1,1,0,0,1000,0,0,1,1920,1080
7,4,15.6,89,8,256,47,7,1.88,36919240.0,0,1,0,0,0,0,0,1,1920,1080
10,0,14.0,91,16,512,47,5,2.8,41480000.0,0,1,0,0,0,1,1,0,2560,1440
11,1,15.6,102,8,128,75,5,2.4,19427600.0,1,1,0,0,1000,0,0,1,1920,1080
7,0,13.3,71,8,256,47,5,1.48,27693000.0,0,1,0,0,0,1,0,1,1920,1080
7,5,15.6,92,8,256,100,7,2.59,37893000.0,0,1,0,0,0,0,1,1,1920,1080
7,0,13.3,91,8,256,47,5,1.48,30583000.0,0,1,0,0,0,1,0,0,2560,1440
7,5,15.6,92,8,256,100,7,2.0,32283000.0,0,1,0,0,0,0,0,1,1920,1080
7,4,12.5,88,8,256,47,7,1.26,39048150.0,0,1,0,0,0,0,0,1,1920,1080
4,3,15.6,97,8,256,72,5,2.18,17168300.0,0,1,0,0,0,0,0,1,1920,1080
7,3,15.6,68,8,256,47,7,1.88,26843000.0,0,1,0,0,0,0,0,1,1920,1080
10,0,14.0,89,8,256,47,5,1.27,39763000.0,0,1,0,0,0,1,1,0,2560,1440
10,3,15.6,54,4,1000,47,4,1.9,5763000.0,1,0,0,0,0,0,0,0,1366,768
7,3,15.6,17,4,500,13,5,1.86,5049000.0,1,0,0,0,0,0,0,0,1366,768
10,3,15.6,68,8,1000,21,4,2.32,10183000.0,1,0,0,0,0,0,0,1,1920,1080
4,1,15.6,102,8,1000,78,5,2.62,20383000.0,1,0,0,0,0,0,0,1,1920,1080
4,3,15.6,70,8,256,73,5,2.04,38261560.0,0,1,0,0,0,1,1,3,3840,2160
7,3,15.6,10,4,256,6,5,1.91,8141130.0,0,1,0,0,0,0,0,1,1920,1080
11,1,17.3,102,16,256,76,5,2.7,25377600.0,1,1,0,0,1000,0,0,1,1920,1080
10,4,14.0,91,12,512,47,7,1.4,39083000.0,0,1,0,0,0,0,0,1,1920,1080
10,3,15.6,68,8,1000,21,5,2.5,13404330.0,0,0,0,1,0,0,0,1,1920,1080
7,0,13.3,91,8,512,47,5,1.48,34697000.0,0,1,0,0,0,1,0,0,2560,1440
10,4,14.0,91,8,256,47,7,1.7,25483000.0,0,1,0,0,0,0,0,1,1920,1080
11,1,14.0,92,16,256,91,5,1.7,30073000.0,1,1,0,0,1000,0,0,1,1920,1080
7,1,15.6,102,8,1000,75,5,2.62,15283000.0,1,0,0,0,0,0,1,1,1920,1080
10,3,15.6,54,8,1000,47,5,2.2,7803000.0,1,0,0,0,0,0,0,0,1366,768
7,3,15.6,68,4,500,47,4,2.1,8108830.0,1,0,0,0,0,0,0,0,1366,768
4,1,15.6,102,8,128,76,5,2.62,25466000.0,1,1,0,0,1000,0,0,3,3840,2160
10,3,15.6,74,8,256,53,5,1.95,23630000.0,0,1,0,0,0,0,1,1,1920,1080
10,3,15.6,56,4,1000,67,5,2.2,7956000.0,1,0,0,0,0,0,0,1,1920,1080
7,3,14.0,36,2,32,41,5,1.44,4233000.0,0,0,1,0,0,0,0,0,1366,768
11,1,15.6,97,8,1000,75,5,2.2,14263000.0,1,0,0,0,0,0,1,1,1920,1080
7,3,15.6,89,8,256,47,5,1.96,11543000.0,0,1,0,0,0,0,0,1,1920,1080
7,3,15.6,106,16,512,61,5,2.1,19703000.0,0,1,0,0,0,0,0,1,1920,1080
2,3,15.6,34,4,500,40,5,2.2,6273000.0,1,0,0,0,0,0,0,0,1366,768
10,3,15.6,68,4,500,47,4,2.1,6766000.0,1,0,0,0,0,0,0,0,1366,768
10,3,15.6,97,8,1000,72,4,2.2,12053000.0,1,0,0,0,0,0,0,1,1920,1080
2,3,14.0,59,4,256,53,5,2.0,13073000.0,0,1,0,0,0,0,0,1,1920,1080
10,3,15.6,89,4,1000,47,7,2.32,14025000.0,0,0,0,1,0,0,0,1,1920,1080
10,1,15.6,92,16,512,87,5,3.31,22185000.0,0,1,0,0,0,0,1,1,1920,1080
11,1,15.6,92,16,128,91,5,1.91,36607290.0,1,1,0,0,1000,0,0,1,1920,1080
7,3,15.6,58,4,500,47,5,2.07,11050000.0,1,0,0,0,0,0,0,0,1366,768
10,0,14.0,68,8,256,47,5,1.36,27829000.0,0,1,0,0,0,1,1,0,2560,1440
10,4,15.6,97,6,256,65,5,1.54,14127000.0,0,1,0,0,0,0,0,1,1920,1080
4,3,15.6,97,8,256,74,2,1.98,15215170.0,0,1,0,0,0,0,0,1,1920,1080
0,3,15.6,39,4,500,43,5,2.1,5661000.0,1,0,0,0,0,0,0,0,1366,768
7,3,15.6,92,6,1000,89,5,2.18,13583000.0,1,0,0,0,0,0,1,1,1920,1080
2,1,15.6,92,8,256,89,5,2.591,15453000.0,1,1,0,0,1000,0,1,1,1920,1080
4,0,15.6,97,16,512,53,5,2.09,20043000.0,0,1,0,0,0,1,0,1,1920,1080
0,3,15.6,74,4,256,72,5,2.23,11747000.0,0,1,0,0,0,0,0,1,1920,1080
4,4,13.3,71,8,256,47,2,1.23,18683000.0,0,1,0,0,0,1,0,2,3200,1800
0,1,17.3,102,16,256,80,5,4.2,44183000.0,1,1,0,0,1000,0,1,1,1920,1080
10,1,15.6,77,8,1000,75,5,2.4,13923000.0,1,0,0,0,0,0,1,1,1920,1080
15,0,12.3,117,4,32,38,1,1.15,11203000.0,0,0,1,0,0,1,1,0,2400,1600
7,3,15.6,74,4,500,53,5,1.86,8245000.0,1,0,0,0,0,0,0,0,1366,768
1,4,12.0,43,8,256,49,3,0.92,19771000.0,0,0,1,0,0,0,1,0,2304,1440
4,0,13.3,74,8,256,53,5,1.6,20383000.0,0,1,0,0,0,1,1,1,1920,1080
7,3,15.6,102,12,128,75,5,2.21,22559000.0,1,1,0,0,1000,0,1,1,1920,1080
10,3,15.6,56,4,1000,24,4,1.9,6256000.0,1,0,0,0,0,0,0,0,1366,768
2,1,17.3,92,16,512,93,5,4.3,36550000.0,1,1,0,0,1000,0,1,1,1920,1080
0,3,15.6,39,4,1000,43,2,2.1,4624000.0,1,0,0,0,0,0,0,0,1366,768
11,1,17.3,102,16,256,79,5,2.43,34831300.0,1,1,0,0,1000,0,0,1,1920,1080
4,3,15.6,54,4,128,29,5,2.3,8483000.0,0,1,0,0,0,0,0,0,1366,768
10,3,15.6,89,8,500,66,4,2.2,10693000.0,1,0,0,0,0,0,0,0,1366,768
4,0,15.6,106,16,512,61,5,2.0,21845000.0,0,1,0,0,0,1,0,1,1920,1080
4,4,13.3,97,16,512,53,5,1.2,45560000.0,0,1,0,0,0,1,0,2,3200,1800
2,1,15.6,92,8,1000,79,5,2.2,19873000.0,1,0,0,0,0,0,0,1,1920,1080
4,3,15.6,74,8,256,30,5,2.36,15113000.0,0,1,0,0,0,0,0,1,1920,1080
7,3,15.6,74,8,256,53,5,1.91,9843000.0,0,1,0,0,0,0,0,0,1366,768
10,3,15.6,18,4,500,13,5,2.2,5083000.0,1,0,0,0,0,0,0,0,1366,768
0,3,17.3,54,8,1000,72,5,3.3,10693000.0,1,0,0,0,0,0,0,0,1600,900
2,1,15.6,102,16,256,80,5,2.2,41633000.0,1,1,0,0,1000,0,0,1,1920,1080
1,4,12.0,44,8,512,46,3,0.92,21743000.0,0,0,1,0,0,0,1,0,2304,1440
2,3,15.6,102,16,128,79,5,2.2,29733000.0,1,1,0,0,1000,0,0,1,1920,1080
11,1,17.3,92,16,256,79,5,2.43,33132830.0,1,1,0,0,1000,0,1,1,1920,1080
4,0,15.6,74,8,256,53,5,2.191,16983000.0,0,1,0,0,0,1,1,1,1920,1080
2,1,17.3,102,16,256,79,5,2.9,33133000.0,1,1,0,0,1000,0,0,1,1920,1080
0,2,11.6,32,2,32,40,1,1.3,2958000.0,0,1,0,0,0,0,0,0,1366,768
0,3,17.3,56,4,1000,72,5,3.3,10166000.0,1,0,0,0,0,0,0,0,1600,900
10,3,17.3,74,8,1000,53,4,2.8,9163000.0,1,0,0,0,0,0,0,0,1600,900
10,1,15.6,92,8,128,88,5,2.6,21624000.0,1,1,0,0,1000,0,1,1,1920,1080
0,0,14.0,105,8,256,52,5,1.2,19533000.0,0,1,0,0,0,1,1,1,1920,1080
10,3,15.6,91,8,256,47,5,2.3,25993000.0,0,1,0,0,0,0,1,1,1920,1080
11,1,15.6,92,8,128,79,5,2.2,25093870.0,1,1,0,0,1000,0,0,1,1920,1080
7,3,15.6,4,6,1000,7,5,2.1,8993000.0,1,0,0,0,0,0,0,1,1920,1080
4,4,12.5,71,8,256,47,7,1.26,29127290.0,0,1,0,0,0,1,0,1,1920,1080
4,0,15.0,59,4,500,53,5,2.08,8653000.0,1,0,0,0,0,1,0,1,1920,1080
2,3,15.6,112,4,1000,42,5,2.65,5253000.0,1,0,0,0,0,0,0,0,1366,768
4,4,13.3,97,8,256,53,5,1.29,25109000.0,0,1,0,0,0,1,0,2,3200,1800
4,3,15.6,74,4,1000,47,2,2.18,8871620.0,1,0,0,0,0,0,0,0,1366,768
10,1,15.6,92,16,128,89,5,2.6,17493000.0,1,1,0,0,1000,1,1,1,1920,1080
11,1,15.6,102,8,128,75,5,2.2,19533000.0,1,1,0,0,1000,0,0,1,1920,1080
10,2,12.5,88,16,512,47,5,1.3,28050000.0,0,1,0,0,0,1,1,1,1920,1080
14,1,14.0,102,16,1000,79,5,1.95,59483000.0,0,1,0,0,0,0,0,1,1920,1080
4,3,15.6,59,8,1000,53,5,2.3,7973170.0,1,0,0,0,0,1,0,0,1366,768
11,1,17.3,102,16,256,79,5,2.7,27166000.0,1,1,0,0,1000,0,0,1,1920,1080
1,4,11.6,62,4,256,51,3,1.08,16303000.0,0,0,1,0,0,0,0,0,1366,768
7,3,15.6,56,4,1000,47,5,2.1,8126000.0,1,0,0,0,0,0,0,1,1920,1080
7,4,14.0,89,8,256,47,7,1.54,37369230.0,0,1,0,0,0,0,0,0,2560,1440
4,3,15.6,68,4,500,47,7,2.24,12529000.0,1,0,0,0,0,0,0,0,1366,768
11,1,15.6,92,8,128,89,5,2.3,19873000.0,1,1,0,0,1000,0,0,1,1920,1080
10,3,13.3,97,16,512,53,5,1.4,25483000.0,0,1,0,0,0,0,1,1,1920,1080
10,3,15.6,5,6,256,7,5,2.2,10158690.0,0,1,0,0,0,0,0,1,1920,1080
2,4,13.3,89,8,256,47,5,1.45,21760000.0,0,1,0,0,0,0,0,1,1920,1080
0,3,15.6,54,4,500,47,2,2.4,6150600.0,1,0,0,0,0,0,0,0,1366,768
4,0,17.3,97,16,512,72,5,2.77,30583000.0,0,1,0,0,0,1,0,1,1920,1080
7,3,14.0,68,4,256,47,7,1.54,18699830.0,0,1,0,0,0,0,0,1,1920,1080
2,1,15.6,102,16,256,76,5,2.5,27200000.0,1,1,0,0,1000,0,1,1,1920,1080
4,3,14.0,74,4,500,53,5,1.6,14875000.0,1,0,0,0,0,0,0,0,1366,768
2,1,15.6,92,16,256,80,5,2.34,39525000.0,1,1,0,0,1000,0,1,1,1920,1080
10,3,15.6,74,8,256,53,4,2.3,9741000.0,0,1,0,0,0,0,1,1,1920,1080
4,0,13.3,81,8,256,52,5,1.24,30821000.0,0,1,0,0,0,1,0,2,3200,1800
4,3,15.6,112,4,500,40,2,2.2,5508000.0,1,0,0,0,0,0,0,0,1366,768
7,3,15.6,8,4,500,16,5,1.86,6783000.0,1,0,0,0,0,0,0,0,1366,768
10,3,15.6,58,6,128,66,5,2.4,9673000.0,0,1,0,0,0,0,0,1,1920,1080
10,3,14.0,68,8,256,47,5,1.9,18224000.0,0,1,0,0,0,0,1,1,1920,1080
4,3,15.6,111,4,500,40,5,2.2,7547830.0,1,0,0,0,0,0,0,0,1366,768
2,3,15.6,37,4,1000,43,5,2.0,5763000.0,1,0,0,0,0,0,0,0,1366,768
2,1,17.3,92,16,128,91,5,4.0,32300000.0,1,1,0,0,1000,0,1,1,1920,1080
4,3,15.6,56,4,500,47,5,2.29,8330000.0,1,0,0,0,0,0,0,0,1366,768
10,3,15.6,89,8,1000,21,7,2.32,15215000.0,0,0,0,1,0,0,0,1,1920,1080
11,1,15.6,92,8,128,89,5,2.4,20893000.0,1,1,0,0,1000,0,0,1,1920,1080
10,0,14.0,68,4,128,47,5,1.8,14161170.0,0,1,0,0,0,1,0,1,1920,1080
2,4,13.3,45,8,512,46,5,1.2,12393000.0,0,1,0,0,0,0,1,1,1920,1080
4,3,15.6,59,6,1000,53,5,2.3,7803000.0,1,0,0,0,0,0,0,0,1366,768
0,3,15.6,36,4,500,41,2,2.4,4913000.0,1,0,0,0,0,0,0,0,1366,768
4,3,15.6,34,2,500,40,5,2.2,6443000.0,1,0,0,0,0,0,0,0,1366,768
10,3,15.6,92,8,1000,89,5,2.6,15283000.0,1,0,0,0,0,0,1,1,1920,1080
7,3,15.6,12,6,1000,29,5,2.04,9349830.0,0,0,0,1,0,0,0,1,1920,1080
4,3,15.6,97,8,1000,24,2,2.3,13701830.0,1,0,0,0,0,0,0,0,1366,768
7,2,11.6,36,2,32,41,5,1.17,3553000.0,0,0,1,0,0,0,0,0,1366,768
2,3,15.6,89,4,500,65,5,2.2,12245440.0,1,0,0,0,0,0,0,0,1366,768
10,0,14.0,89,4,128,47,5,1.8,10846000.0,0,1,0,0,0,1,1,1,1920,1080
10,0,13.3,89,16,512,47,5,1.3,25483000.0,0,1,0,0,0,1,1,2,3200,1800
10,3,14.0,34,2,64,40,5,1.5,3893000.0,0,0,1,0,0,0,0,0,1366,768
7,3,15.6,89,6,1000,21,5,2.19,12988000.0,1,0,0,0,0,0,0,0,1366,768
2,3,15.6,34,4,500,40,5,2.2,6273000.0,1,0,0,0,0,0,0,0,1366,768
2,4,13.3,45,8,512,46,5,1.2,12393000.0,0,1,0,0,0,0,1,1,1920,1080
4,3,15.6,59,6,1000,53,5,2.3,7803000.0,1,0,0,0,0,0,0,0,1366,768
0,3,15.6,36,4,500,41,2,2.4,4913000.0,1,0,0,0,0,0,0,0,1366,768
4,3,15.6,34,2,500,40,5,2.2,6443000.0,1,0,0,0,0,0,0,0,1366,768
10,3,15.6,92,8,1000,89,5,2.6,15283000.0,1,0,0,0,0,0,1,1,1920,1080
7,3,15.6,12,6,1000,29,5,2.04,9349830.0,0,0,0,1,0,0,0,1,1920,1080
4,3,15.6,97,8,1000,24,2,2.3,13701830.0,1,0,0,0,0,0,0,0,1366,768
7,2,11.6,36,2,32,41,5,1.17,3553000.0,0,0,1,0,0,0,0,0,1366,768
2,3,15.6,89,4,500,65,5,2.2,12245440.0,1,0,0,0,0,0,0,0,1366,768
10,0,14.0,89,4,128,47,5,1.8,10846000.0,0,1,0,0,0,1,1,1,1920,1080
10,0,13.3,89,16,512,47,5,1.3,25483000.0,0,1,0,0,0,1,1,2,3200,1800
10,3,14.0,34,2,64,40,5,1.5,3893000.0,0,0,1,0,0,0,0,0,1366,768
7,3,15.6,89,6,1000,21,5,2.19,12988000.0,1,0,0,0,0,0,0,0,1366,768
2,3,15.6,34,4,500,40,5,2.2,6273000.0,1,0,0,0,0,0,0,0,1366,768
2,4,13.3,45,8,512,46,5,1.2,12393000.0,0,1,0,0,0,0,1,1,1920,1080
4,3,15.6,59,6,1000,53,5,2.3,7803000.0,1,0,0,0,0,0,0,0,1366,768
0,3,15.6,36,4,500,41,2,2.4,4913000.0,1,0,0,0,0,0,0,0,1366,768
4,3,15.6,34,2,500,40,5,2.2,6443000.0,1,0,0,0,0,0,0,0,1366,768
10,3,15.6,92,8,1000,89,5,2.6,15283000.0,1,0,0,0,0,0,1,1,1920,1080
7,3,15.6,12,6,1000,29,5,2.04,9349830.0,0,0,0,1,0,0,0,1,1920,1080
4,3,15.6,97,8,1000,24,2,2.3,13701830.0,1,0,0,0,0,0,0,0,1366,768
7,2,11.6,36,2,32,41,5,1.17,3553000.0,0,0,1,0,0,0,0,0,1366,768
2,3,15.6,89,4,500,65,5,2.2,12245440.0,1,0,0,0,0,0,0,0,1366,768
10,0,14.0,89,4,128,47,5,1.8,10846000.0,0,1,0,0,0,1,1,1,1920,1080
10,0,13.3,89,16,512,47,5,1.3,25483000.0,0,1,0,0,0,1,1,2,3200,1800
10,3,14.0,34,2,64,40,5,1.5,3893000.0,0,0,1,0,0,0,0,0,1366,768
7,3,15.6,89,6,1000,21,5,2.19,12988000.0,1,0,0,0,0,0,0,0,1366,768
2,3,15.6,34,4,500,40,5,2.2,6273000.0,1,0,0,0,0,0,0,0,1366,768
